7219,6721.240989,7024.231531
7346,6737.786394,7439.358888
7366,6752.69868,7357.206998
7321,6763.895627,7212.03173
6901,6773.87031,7463.009476
6822,6755.297618,7673.559312
7509,6735.234031,8104.717847
8261,7149.145128,8555.058153
8590,7597.00113,8555.137456
8544,7682.745633,8540.622624
8548,7539.430881,8383.601751
8506,7345.602275,8213.235147
8368,7437.065105,8413.13846
8324,7289.884944,8324.206009
8235,7183.974702,8126.121558
8233,7210.770063,8201.598578
8354,7327.614128,8445.315246
8572,7593.490651,8663.353431
8611,7482.189105,8470.061434
8225,7093.056805,7815.49814
7775,6747.010025,7628.209492
7343,6751.337493,7472.634866
7054,6725.598166,6940.127715
6748,6715.861842,6638.457407
6641,6726.520359,6742.584511
6520,6740.077174,6887.957009
6454,6770.467042,6696.103116
6701,6713.867368,6367.074839
6590,6779.081913,6876.612318
6625,6744.214865,7277.750036
7323,6790.198983,7965.75282
8107,6844.668588,8401.555082
8538,7327.204487,8432.4148
8609,7658.094291,8651.083956
8685,7605.181862,8592.227725
8633,7616.050267,8396.926069
8331,7402.222474,8436.391979
8358,7230.936422,8235.504561
8298,7414.710447,8353.276985
8253,7407.703651,8455.21129
8340,7364.546067,8538.271021
8533,7531.058591,8622.035916
8469,7304.277333,8334.007967
8181,6941.486922,7802.159039
7999,6742.825528,7581.667913
7535,6791.77895,7719.381981
7340,6763.817034,7241.291913
6974,6793.348897,7034.67325
7194,6801.818234,6978.527954
7231,6792.173731,7264.737681
7346,6791.949645,7111.319681
7355,6723.875627,7060.135481
7279,6776.384874,7475.542765
7382,6872.158818,8079.137732
7565,7299.933446,8759.337511
8199,7274.815334,8677.114884
8662,7580.936016,8534.462672
8719,7620.088582,8632.626346
8811,7743.679567,8638.275938
8537,7681.084618,8408.498809
8390,7259.518108,8320.326508
8406,7342.685672,8258.659849
8252,7313.245468,8133.435688
8127,7066.502532,8060.233178
8104,7178.990069,8284.861541
8364,7324.422244,8356.779036
8372,7108.714212,8213.990323
8076,6870.77267,7679.264721
7639,6792.022978,7448.247822
7249,6783.194337,7264.493347
7140,6721.991313,6998.914315
7152,6770.498598,6878.389473
7779,6771.059787,7103.558365
7721,6876.494019,7768.02468
7630,6744.21796,7510.140924
7498,6746.529425,7305.626973
7289,6738.690095,7422.882752
6942,6777.42041,7272.13747
7013,6714.366717,7063.74008
7110,6771.241043,7309.695683
7396,6782.980259,7462.893077
7060,6793.354872,7683.7019
7211,6729.876937,7167.644324
7387,6720.231751,7258.269013
7475,6732.941479,7556.044416
7839,6731.965891,7344.738506
7888,6764.070348,7605.572575
7899,6907.548299,7886.141741
7952,7204.767198,8256.709875
7694,7394.273573,8335.721275
7780,6741.716889,7425.385431
7536,6742.261782,7234.587409
7178,6778.365818,7161.007586
7063,6778.683065,7149.688886
7091,6767.699357,7124.603933
7154,6745.033632,7061.058866
7319,6806.502455,7049.645319
7446,6741.818724,7332.981738
7365,6752.448059,7372.902537
7272,6760.485326,7184.817264
7059,6741.111442,7020.239551
7067,6754.721573,6952.585829
6983,6758.585359,7202.028475
6933,6750.313734,7171.41841
7126,6755.866847,7380.540374
7403,6753.540249,7639.569328
7395,6750.888734,7640.464943
7410,6750.425043,7286.826279
7595,6757.626158,7470.157609
7500,6756.000895,7535.939883
7422,6755.684815,7407.487778
7396,6753.604659,7706.004196
7586,7030.569655,7948.831674
7653,7101.092782,8111.423112
7748,6809.46582,7712.767832
7630,6728.030565,7156.742415
7484,6771.887803,7237.054408
7655,6726.61802,7446.195541
7544,6756.681874,7562.069386
7408,6743.735177,7436.031055
7598,6757.153767,7347.427216
7526,6886.152395,7705.595798
7476,6779.588083,7490.960328
7537,6741.623606,7389.662175
7433,6957.76765,7760.099818
7584,6976.782214,8106.674315
8067,7233.834408,8627.671416
8374,7813.294092,9060.694475
8803,7806.929527,8623.086199
8886,7906.094714,8784.861947
8914,7889.199266,8722.521764
8799,7745.060603,8544.406795
8600,7773.480159,8500.450583
8646,7714.246408,8517.618343
8529,7710.495257,8434.00114
8467,7634.952404,8450.492336
8497,7799.307786,8713.621155
8681,8033.604299,8849.559398
8788,7775.564493,8530.346781
8513,7274.627749,7929.803191
8066,7140.715986,7855.227588
7779,7038.956037,7790.090309
7679,6762.240747,7441.589463
7533,6767.075514,7402.79459
7515,6746.317379,7410.784939
7741,6941.508838,7724.882016
7579,6903.845728,7717.938083
7856,6743.139414,7462.910761
7738,7186.605869,7960.591481
7549,7288.715636,8233.255887
7874,7269.260795,8599.426355
8623,7745.453251,8899.105241
9031,8165.026819,8965.94899
9093,8215.292056,9007.325361
9166,8309.238706,8995.217117
9020,8091.820302,8704.521873
8847,7971.145575,8728.141238
8947,7851.991148,8707.897647
8806,7967.870795,8692.159832
8735,7863.820172,8695.239531
8753,8030.590225,8969.677621
8889,8184.994368,9104.302388
9030,7809.850067,8703.128679
8745,7381.318415,8148.266767
8293,7162.738751,7988.144781
8014,7224.888587,7927.672367
7944,6927.920533,7667.093269
7766,6985.143485,7611.062663
7699,7002.972732,7696.446227
7814,6996.80285,7820.164732
7813,6974.61065,7765.661749
7750,6805.332379,7593.183524
7611,7046.89765,7794.880692
7609,7228.429081,8254.538156
8148,7341.266021,8762.727653
8958,7956.269733,9191.882125
9414,8324.528058,9180.054068
9441,8506.407303,9262.440689
9533,8570.249135,9254.659305
9399,8472.639617,9122.8259
9246,8344.09536,9116.627264
9244,8209.537601,8978.767646
9120,8144.374141,8872.620738
9058,8146.312786,8975.074659
9095,8318.145671,9190.274232
9252,8520.520784,9357.24503
9329,8177.847963,8989.210522
8989,7708.049223,8464.902997
8508,7409.153974,8224.434719
8160,7258.879468,8097.629745
8042,6854.054368,7557.454742
7808,6928.334042,7554.854315
7665,7019.561346,7672.220483
7544,7029.624545,7785.805934
7446,6757.738751,7518.166573
7584,6763.564844,7315.728251
7479,6835.06608,7681.382627
7593,7027.367098,8123.152247
8189,7305.752974,8787.072904
8960,7954.90873,9270.528509
9414,8283.430353,9152.741993
9480,8423.702778,9306.950503
9518,8574.334079,9337.773471
9382,8400.529943,9109.360384
9148,8336.384161,9090.363539
9218,8015.723778,8833.799063
9103,8227.077975,8871.890016
9027,8083.350058,8959.909375
9019,8233.636514,9228.018959
9205,8539.404753,9365.555562
9286,8162.155187,9029.769822
8999,7530.056871,8336.949369
8528,7297.489346,8115.157546
8137,7129.660617,7950.491238
7994,6921.074208,7653.99194
7746,6913.324031,7578.121513
7666,6935.204476,7641.1165
7510,6935.760168,7741.802679
7477,6758.991213,7473.69116
7508,6740.993747,7317.888953
7446,6790.792116,7573.081132
7446,6964.266591,8010.871086
8078,7175.86115,8654.499658
8886,7812.252097,9169.282649
9346,8194.295085,9132.0889
9492,8290.080078,9138.644538
9514,8365.403327,9136.870855
9322,8291.712977,9036.170308
9148,8122.193977,8983.603621
9145,7954.993283,8830.052194
8975,7966.250606,8738.578173
8816,7910.141802,8768.044697
8716,8036.569741,8987.175442
9001,8183.79432,8996.885109
9073,8010.552906,8783.842611
8810,7498.382084,8213.46449
8365,7214.302302,8018.701516
7931,7025.055942,7879.865253
8001,6768.467516,7404.893707
7908,6800.552073,7493.364154
7737,6997.823084,7712.567156
7692,6913.320991,7721.873883
7711,6793.803902,7569.045373
7583,6735.206556,7456.972624
7579,6766.230219,7480.063876
7582,6736.269678,7484.520398
7580,6745.162239,7531.803475
7220,6749.626346,7662.514063
7627,6798.627149,7679.603003
7960,7155.192065,8010.485208
8020,7212.828768,8016.400756
7911,6940.943992,7846.771713
7961,6999.622811,7889.459972
7922,6996.72947,7848.211605
8334,6852.744898,7804.192738
8658,7478.33316,8383.71518
8624,8069.845719,8954.412862
8358,7996.827513,8825.843322
8423,7437.705886,8138.021872
8185,7172.982783,7819.265318
7806,6957.561569,7663.547975
7603,6827.316835,7608.292301
7613,6735.81249,7324.337483
7622,6736.348432,7455.562644
7587,6731.12736,7593.896009
7824,6775.815522,7574.408977
7903,6932.654132,7667.790212
7963,6949.376346,7638.214681
7720,6934.97888,7744.521438
7717,6761.187441,7646.10072
7615,6771.644941,7826.743443
7608,6766.26203,7827.039379
7790,7094.957802,7849.261059
7987,7194.725949,8007.829104
7852,7316.997862,8036.800328
7763,7058.6749,7825.58581
7865,6976.948332,7839.873786
7967,6871.811945,7732.990699
8056,6945.927417,7839.180505
8031,7189.895639,8126.587982
8316,7606.163342,8512.910165
8497,7876.410245,8874.71647
8159,7550.99091,8402.912355
8035,6769.613851,7398.960612
7740,6775.556728,7492.232495
7486,6730.81244,7530.357228
7398,6741.861163,7239.032394
7557,6743.422037,7332.079837
7978,6769.744661,7642.133626
8139,7282.320884,8058.516692
8072,7361.022187,8103.737886
8002,7263.610166,7972.475492
7889,7428.943091,8226.54026
8380,7652.209276,8623.791086
8223,8329.902438,9367.453589
8949,8140.39033,9104.064478
9447,8386.254816,9189.570451
9502,8432.049232,9169.697126
9582,8514.302668,9231.808104
9397,8340.995628,8942.082874
9114,8304.931465,8973.393542
9203,8153.228881,8858.97755
9053,8200.272391,8887.915754
8931,8215.723112,8909.414518
8892,8401.870913,9140.036627
9107,8170.679175,9065.298204
9321,7946.751416,8794.780235
9011,7603.103192,8348.169942
8559,7268.54344,8199.122494
8169,7425.429572,8203.035706
7957,6887.84814,7610.807415
7717,6748.642256,7406.081044
7693,6884.359525,7539.841144
7712,7007.393125,7802.168158
7837,6938.567764,7710.754305
7804,7083.804582,7786.219098
7685,7105.316644,7878.077339
7636,7301.849848,8147.242733
8282,7345.587837,8671.511436
9066,8148.798126,9258.869006
9544,8592.616642,9288.284411
9607,8670.903399,9379.515411
9670,8649.434201,9281.120045
9468,8499.922264,9128.714231
9262,8477.329696,9122.272988
9331,8351.381445,9006.693975
9213,8353.667698,9036.994702
9139,8350.667025,9119.348718
9154,8399.631911,9279.403835
9264,8567.432491,9410.648683
9388,8148.017943,9079.354764
9060,7626.550687,8433.362432
8580,7276.188219,8178.833035
8201,7260.837801,8101.629306
8321,7027.830448,7773.037429
8164,7168.303998,7815.987499
8344,7288.703893,7920.239005
8515,7495.970867,8295.515109
8396,7527.634738,8339.253997
8369,7523.282319,8102.020434
8374,7743.597017,8398.643384
8339,8057.028168,8874.178065
8487,8304.159986,9371.742593
9270,8533.475251,9338.51124
9759,8673.755827,9390.186249
9846,8841.880804,9522.48746
10912,8856.380301,9503.494207
9745,9480.184043,10059.51486
9589,8798.53857,9498.175091
9615,8596.199931,9333.971339
9495,8481.746359,9278.965319
9368,8505.340302,9302.670342
9347,8462.638296,9396.048606
9481,8440.504555,9428.616521
9662,8152.679008,9070.502649
9341,7944.131785,8728.767235
8883,7578.666066,8428.758011
8499,7486.727762,8319.618997
8398,7211.534219,7952.893545
8191,7224.892144,7842.500255
8248,7305.357805,7898.097112
8366,7495.691855,8254.426799
8356,7404.129619,8137.563599
8389,7520.672498,8181.114591
8135,7802.109786,8515.093489
8293,7800.106413,8714.262212
8494,8197.592661,9330.923831
9329,8564.727478,9390.552647
9794,8723.308993,9476.070777
9869,8992.32863,9718.388173
9895,8874.687042,9538.983629
9705,8730.328983,9369.117021
9444,8667.755311,9408.834105
9471,8433.005982,9132.168479
9318,8421.818982,9108.625103
9196,8382.374348,9186.763062
9238,8486.714414,9373.294669
9419,8631.23481,9538.503113
9647,8310.014883,9205.59384
9331,7890.855031,8697.671542
8820,7546.25358,8422.192702
8418,7455.442722,8292.93292
8289,7002.1401,7752.07258
8047,6989.820042,7705.440093
7843,7071.783551,7768.410972
8112,6967.252118,7817.866598
8091,7167.072553,8029.240689
8314,7141.198022,7931.127167
8351,7527.951468,8296.713361
8345,7979.95044,8978.335761
8606,8333.712721,9358.466354
9198,8554.324944,9427.58254
9606,8541.974646,9318.032226
9626,8683.821392,9430.594956
9602,8568.320299,9315.386484
9367,8373.236797,9002.535669
9082,8243.593348,9023.215289
8978,8001.862575,8807.6402
8786,7844.73532,8593.16983
8681,7786.99935,8687.459253
8627,7967.918322,8898.154984
8952,8142.508581,8950.009463
9189,7948.007418,8755.855907
8867,7579.809607,8328.419717
8381,7236.904229,8074.143566
8173,7082.621217,7951.466502
8119,6769.153725,7576.307901
8063,6768.524951,7558.590891
7699,7063.555811,7781.956413
8147,6765.830898,7626.39961
8184,7063.375306,7895.881734
8228,7038.089228,7703.370473
8014,7118.709454,7877.893518
7979,6840.640393,7738.979748
8040,6814.965454,7848.811145
7919,7115.720317,8148.352149
7868,7378.812904,8209.148822
7837,7387.140568,8188.107778
7753,7138.995355,7855.356076
7752,6831.734224,7632.222247
7980,6976.935829,7751.894217
8076,6904.97307,7810.987046
8524,7070.823969,7941.207238
8275,7685.922942,8565.980303
8360,7733.1339,8595.073521
7970,7906.011819,8723.940103
8169,7102.551808,7903.400478
7958,6807.470227,7575.429487
7640,6766.078399,7375.772995
7761,6778.351082,7427.167266
7911,6770.142334,7582.814148
7408,6791.93807,7647.293031
7334,6751.342186,7261.908325
7341,6733.29384,7347.190066
7481,6741.788929,7276.328761
7758,6746.829726,7358.357862
7668,6762.255363,7594.569188
7643,6765.423785,7626.683734
7449,6762.544526,7667.952203
7452,6767.266954,7556.794964
7634,6893.98868,7742.424117
7710,7200.270852,7956.549367
7395,7085.628003,7948.535738
7427,6753.048243,7306.213734
7399,6751.501563,7409.841176
7620,6762.67621,7194.101471
7639,6742.563621,7476.13519
7600,6842.805291,7848.853145
7702,7020.980618,8244.086575
7777,7324.638601,8453.727049
7779,6990.293823,7983.113449
7683,6771.76362,7136.647345
7465,6734.638126,7094.190917
7333,6772.838945,7232.291899
7456,6772.461996,7150.742797
7580,6732.935917,7323.202025
7635,6743.853209,7595.218811
7700,6910.116258,7807.40728
7740,7008.499035,7818.200251
7729,7037.31692,7796.231333
7611,7164.127697,8091.913836
8018,7384.141554,8485.348575
8254,8027.97847,9240.101505
8654,8201.128009,9183.836581
9118,8106.909876,8956.186822
9110,8254.057915,9109.025211
9142,8114.340613,8907.07314
9102,8076.335871,8740.312481
8833,8193.078458,8916.28502
8901,7922.086327,8682.68987
8846,8001.831213,8757.001244
8800,8023.307042,8847.762365
8841,7975.268236,8902.149572
8967,7979.057795,8988.044047
9042,7846.426178,8772.446991
8652,7329.967388,8199.837605
8130,6952.876688,7999.706191
7693,6740.5141,7710.107307
7471,6770.161102,7122.272536
7055,6776.533594,7059.341862
6876,6776.128136,6951.23239
6983,6764.290364,7014.157452
7088,6766.196202,7080.118814
7644,6719.092804,6991.31233
7613,6896.712896,7764.088188
7606,7367.618306,8349.234318
7677,7697.518063,8965.475381
8478,7577.366958,8764.450908
8927,7868.46832,8822.092447
8962,7938.568542,8843.538296
9093,8019.074269,8925.469408
9118,7965.031907,8723.712969
8806,7949.33402,8829.325617
8850,7689.040704,8691.831843
8769,7701.060733,8611.736172
8690,7658.437271,8591.1715
8723,7729.509855,8739.648352
8789,7979.314633,8963.313609
8882,7623.377385,8655.267822
8470,7106.617064,8065.140443
7948,6746.537311,7655.470378
7505,6746.349146,7491.607879
7335,6784.595198,6943.758496
7335,6738.279771,7003.686875
7360,6796.966902,7345.809513
7597,6738.273102,7378.323615
7323,6754.79045,7479.307802
7456,6737.665253,7083.869966
7407,6722.009165,7360.006512
7719,6906.430715,7919.72685
7995,7710.006727,9045.179233
8144,7734.763001,8925.040148
8469,7392.257144,8476.415361
8524,7365.102294,8385.704115
8518,7430.880216,8309.295352
8434,7273.932775,8100.626825
8130,7299.183934,8163.909943
8006,7061.683724,7943.239555
7754,6882.192434,7665.782833
7728,6741.248386,7461.65248
7744,6748.828845,7716.845453
7952,7096.482075,8256.3928
8317,7085.066802,8132.532267
8024,6799.98728,7497.745448
7542,6738.646745,7184.43826
7452,6737.997025,7059.575108
7513,6788.132165,6844.437578
7528,6799.538764,7261.036336
7345,6791.605721,7369.731791
7512,6798.811461,7307.480996
7450,6779.405494,7421.960749
7443,6793.836451,7271.008367
7304,6812.199721,7624.05913
7668,6754.977593,8116.351653
7365,7482.402284,8941.938774
8083,6980.142255,8130.242146
8450,7326.789527,8297.347234
8450,7258.725767,8298.595361
8452,7435.917212,8562.363856
8408,7201.115417,8021.412608
8123,7223.612482,7967.02098
8176,6965.533767,7866.776081
7885,7071.391871,7954.526306
7800,6800.699199,7657.451576
7831,6789.684311,7914.000165
7995,7077.790596,8286.192701
8327,6970.096568,8044.786325
8053,6750.469676,7734.846518
7611,6736.835214,7314.88752
7371,6735.936336,7127.876986
7532,6800.24381,6837.391527
7465,6806.989655,7210.77286
7612,6732.283523,7269.398194
7528,6786.943994,7455.692789
7485,6769.636232,7354.379784
7482,6739.122316,7349.972585
7293,6753.441347,7611.52591
7621,6801.491385,8096.908417
7412,7456.852426,8758.84304
7932,7070.980641,8199.911934
8366,7259.764238,8269.218226
8415,7304.939287,8276.927353
8554,7278.180332,8280.917796
8472,7314.617938,8112.013603
8170,7302.903343,8141.419199
8335,6972.667566,7840.175041
8120,7065.354743,7987.038681
7763,6904.277975,7951.845886
7811,6832.070468,7905.782613
7936,7193.49789,8299.933983
8103,6946.848074,8152.42148
7829,6742.797327,7332.235404
7767,6761.815304,7043.044641
7509,6727.210147,7328.398663
7598,6724.589869,6955.326227
7590,6726.038867,7205.921308
7345,6778.162085,7468.291013
7285,6787.756187,7292.630506
7284,6775.704895,7150.277581
7247,6733.444435,7064.507967
6992,6765.657621,7014.321706
7114,6705.360404,6726.473027
7246,6793.683203,7038.450997
7067,6758.320616,7343.899743
7110,6749.461928,7472.869391
7424,6783.509546,7367.54515
7622,6750.468165,7598.550789
7567,6800.937873,7661.919772
7605,6777.102692,7611.623864
7800,6784.255414,7462.05466
7951,6754.799847,7545.772511
7933,6811.508382,7771.482589
7928,6957.850459,7880.014879
7928,7155.449628,8152.725982
7911,7045.937446,7975.783154
7728,6750.844217,7319.275101
7589,6739.515478,6999.071021
7547,6781.312708,7061.589465
7553,6786.853042,7182.125204
7520,6769.943437,7296.551455
7409,6750.066611,7411.585708
7203,6740.870331,7279.613419
7224,6732.52373,7115.038193
7125,6738.034057,7087.320345
7030,6769.564998,6882.693726
7037,6732.534242,6875.856571
6836,6756.43303,7047.403485
6837,6768.606685,6975.277128
6950,6744.364521,7258.910589
7168,6783.319681,7211.448837
7373,6762.78846,7390.477658
7429,6786.297834,7450.009279
7732,6786.847887,7512.600428
7655,6755.849898,7530.632095
7508,6773.595399,7318.508526
7417,6748.259454,7468.212125
7594,6777.685442,7631.904343
7665,6947.128329,7863.444311
7834,6796.354159,7622.874141
7641,6772.91814,7295.383874
7508,6773.835398,6983.810079
7246,6732.918085,7128.160315
7418,6774.208315,7047.750609
7374,6782.30281,7222.032429
7236,6787.734181,7252.82438
7158,6776.956818,7325.399442
7151,6760.97595,7310.208597
7087,6723.993688,7194.04531
7064,6749.751294,7322.396489
7462,6747.353558,7850.642579
7899,7206.709504,8603.618095
7976,7642.662498,8805.645877
8354,7425.74264,8352.352287
8435,7468.448445,8347.792354
8490,7424.228212,8354.319255
8467,7343.773328,8161.47434
8134,7448.300461,8273.192228
8144,7166.347841,7973.099556
8040,6975.899361,7883.838909
7930,6816.73482,7830.649402
7876,6932.114484,8001.488302
8018,7088.770599,8374.46945
8366,7120.502514,8252.307028
8057,6767.883916,7655.610333
7579,6776.083628,7196.608226
8000,6729.187253,7164.470918
7854,6750.934576,7531.270458
7669,6783.894094,7286.800513
7557,6772.163007,7437.372923
7577,6750.176191,7608.395506
7454,6766.349726,7651.305924
7371,6749.877203,7394.526887
7316,6779.492521,7620.742972
7534,6852.005256,8106.555637
7898,7248.606873,8674.206225
8228,7487.461316,8751.801635
8505,7657.971883,8480.300112
8479,7625.051594,8433.793487
8708,7567.27763,8395.54379
8653,7575.028067,8357.733437
8195,7555.172288,8421.957555
8527,7288.311004,8040.627605
8505,7404.047967,8220.945379
8523,7367.64801,8224.990532
8529,7506.297206,8452.949906
8385,7714.401008,8753.779794
8487,7441.868544,8516.528269
8099,6769.931253,7755.127411
7665,6750.169377,7190.620904
7875,6721.806486,7086.827878
7733,6780.121821,7413.46681
7544,6725.485739,7347.241668
7304,6738.975035,7304.342786
7423,6732.893262,7300.480659
7406,6741.82016,7405.317233
7336,6786.163785,7273.917163
7237,6741.052544,7374.808646
7545,6775.839121,7833.787749
7634,7174.550333,8778.73999
8092,7462.850455,8679.584197
8491,7459.123758,8400.118368
8530,7524.838196,8418.035916
8624,7491.829071,8408.692369
8659,7465.610455,8268.350589
8428,7526.724548,8409.397809
8442,7368.50646,8164.56606
8326,7337.011695,8134.911501
8258,7295.427878,8157.818657
8218,7172.199733,8105.421767
8296,7499.199501,8346.471831
8464,7266.408712,8349.175186
8100,6948.019661,7809.615059
7600,6731.942063,7304.926991
7292,6735.556749,7168.849726
7164,6724.391957,7004.703914
6904,6770.273814,6746.126522
6911,6720.23872,6709.755151
7312,6782.276072,7125.98825
7527,6736.584721,7287.625977
7493,6744.228151,7340.58918
7402,6755.370156,7525.318229
8752,6848.592818,8091.393806
7477,8026.324708,9713.789416
8192,7100.304171,8383.004767
8608,7867.545212,8683.050051
8683,7670.040198,8606.451319
8721,7546.417368,8484.778946
8691,7530.437913,8315.829575
8455,7655.767143,8424.401309
8507,7420.997436,8274.110294
8381,7363.97699,8227.303588
8321,7440.310388,8362.619287
8347,7373.031923,8357.673476
8417,7650.178479,8626.457138
8577,7266.391546,8400.117539
8281,6868.157496,7765.415895
7813,6791.991287,7493.37797
7429,6781.080761,7339.794283
7289,6786.71446,7077.209396
7072,6781.843039,6872.291105
7089,6721.733802,6896.900965
7149,6776.647851,7138.251162
7256,6743.393085,7042.772503
7179,6729.213222,7006.029134
7239,6755.172573,7158.520934
7124,6743.436939,7864.711228
7395,6756.129161,8331.918867
8157,7142.433093,8383.839523
8556,7693.832123,8544.802482
8610,7473.269223,8415.361022
8662,7537.161069,8437.679206
8554,7539.196011,8323.771638
8298,7420.694799,8219.579955
8318,7111.182904,7970.986554
8142,7181.353345,8011.074594
8082,7132.669648,7993.309574
7829,7184.59659,8115.66528
7949,7271.180305,8228.888823
8373,7058.485553,8024.55738
8152,6753.051906,7557.426765
7689,6737.377688,7356.379634
7283,6723.374067,7323.27145
7144,6720.493999,6931.484047
6994,6783.270022,6779.800153
7093,6772.433539,6835.138691
6916,6727.950994,7206.754372
6911,6790.577374,6994.803518
6858,6726.893237,6788.829928
6613,6714.991269,6655.909903
6711,6770.7488,6455.20994
6782,6714.154643,6559.181156
6702,6732.57138,6844.632477
6968,6727.781257,7198.702438
7019,6740.046886,7267.04597
7049,6758.543675,7294.615987
7018,6734.025131,7106.431171
7039,6775.823988,7217.760349
6919,6776.930192,7115.282319
6738,6784.198087,6856.596439
6668,6721.299206,6831.641053
6793,6813.210715,6927.223021
7043,6807.869506,7336.356614
7498,6740.366763,7327.776327
7336,6718.496113,7034.069703
6993,6723.367487,6910.059406
6728,6710.839841,6888.984583
6870,6783.263515,6699.718734
6810,6763.987921,6762.735504
6692,6718.507753,6667.946934
7039,6786.305964,6740.892151
6890,6735.711024,6983.754107
6969,6771.031525,6659.750029
6899,6763.958126,6724.711263
6815,6764.864895,6612.695855
6626,6760.286561,6682.966569
6588,6733.199778,6633.859272
6747,6778.842203,7055.048713
6424,6793.042655,7131.334618
6711,6727.215449,6825.720608
6706,6767.972243,6831.746304
6775,6764.088969,6876.464652
6629,6719.786034,6728.933567
6895,6756.895846,6575.693732
6938,6729.120043,6914.090381
6987,6737.606589,7309.422232
6882,6762.942015,7653.346324
7291,6732.155451,7207.39681
7210,6719.483716,6813.96394
6973,6779.579366,6696.618203
6810,6774.240334,6837.701625
6759,6719.537671,6766.421871
6798,6715.633202,6746.306696
7108,6788.06815,6776.97619
7087,6776.42099,7259.87176
7072,6768.434721,7163.98377
7032,6757.557219,7038.118103
7009,6778.378822,7083.281927
7512,6786.134858,7693.377718
7548,7102.021416,8614.026846
8066,7288.827234,8505.376223
8515,7709.71162,8518.154814
8629,7670.521682,8507.803675
8742,7741.758882,8523.61955
8701,7614.324318,8387.932617
8409,7615.052968,8414.998769
8434,7349.668567,8135.938989
8289,7300.07233,8140.608068
8207,7291.423585,8204.847936
8164,7383.959529,8325.806165
8207,7678.907856,8609.912475
8452,7282.144973,8318.83536
8146,6805.526893,7655.830696
7630,6721.742057,7367.833902
7300,6777.011118,7276.53068
7355,6777.793024,7019.188594
7099,6713.409864,6874.004802
6930,6769.666347,6888.525602
7063,6727.298729,7188.675696
7435,6780.281831,7173.055731
7386,6733.692844,7362.19778
7291,6774.615426,7451.608813
7377,6735.846301,7917.117305
7435,6874.718799,8536.561305
8126,6984.227094,8348.019349
8499,7603.643808,8475.818238
8554,7546.529898,8417.609281
8562,7508.753533,8347.271357
8446,7359.74401,8157.154251
8019,7272.874686,8081.785547
8085,7028.237879,7821.286859
7853,7045.845156,7833.022349
7734,6755.4826,7640.420111
7583,6781.383117,7703.678429
7693,6957.882028,8099.758773
8217,6829.768603,7995.209811
8034,6773.883327,7482.349231
7610,6732.246611,7190.550616
7258,6794.809141,7173.653682
7190,6711.142141,6928.814507
7135,6795.514097,6913.278197
7171,6718.87643,6917.054804
7549,6779.181793,7163.391518
7598,6739.960527,7526.394763
7497,6774.886304,7411.851388
7429,6726.830051,7459.992155
7580,6858.587084,8018.264243
7443,7129.67198,8804.015464
8087,7127.82939,8429.172073
8445,7565.287935,8398.095998
8411,7210.635185,8166.628081
8365,7307.780179,8192.631376
8376,7093.062573,7950.150538
8273,7215.092985,8082.78941
8338,7232.754593,8145.220226
8016,7283.613291,8167.745371
7753,6793.399606,7848.46036
7539,6784.208198,7879.619053
7633,6821.895982,8027.685849
8183,6831.065276,7827.68244
8010,6739.463975,7346.467357
7611,6733.468623,7125.97623
7317,6717.626943,7174.051027
7337,6779.969613,6974.791949
7069,6731.684282,6976.44609
6958,6771.566614,6939.168029
6981,6780.667972,7097.240221
6906,6786.677335,7121.023442
6949,6720.778165,6741.686744
6896,6719.588704,6985.573901
6921,6842.417151,7636.778381
7436,6840.659252,8281.201989
8065,6794.553595,8447.240905
8397,7396.804091,8400.359455
8297,7130.301328,8127.168802
8231,7162.413733,8251.44243
8127,6979.556703,7900.351035
7755,6872.988549,7848.464643
7651,6793.76403,7629.364914
7551,6743.024199,7407.347823
7804,6772.825988,7268.037571
7550,6801.137046,7817.650034
7645,6795.593836,8269.64942
8151,6810.028727,8118.11608
7971,6788.096274,7451.628294
7523,6781.206964,6980.301396
7327,6786.16597,6957.965994
7258,6704.4441,6941.053052
6859,6788.741325,6915.557058
6731,6706.956035,6664.990084
6632,6780.212505,6770.472301
6538,6787.667269,6653.102774
7044,6655.562002,6310.659736
6893,6784.698161,7053.366663
6823,6791.865895,7416.080154
7203,6896.257697,8056.871634
7848,6768.412507,8215.32701
8377,7157.118932,8180.299039
8544,7278.279115,8268.793526
8685,7288.193534,8311.496222
8735,7429.763685,8268.486951
8478,7468.626325,8435.43592
8425,7340.694319,8332.620161
8224,7239.363595,8127.830859
8040,6969.900693,7944.684006
7902,6842.971867,7877.249214
7922,6866.475843,8247.916477
8254,6853.310995,8069.232847
8044,6762.220714,7544.708412
7587,6748.797143,7136.219916
7261,6730.551244,7112.402916
7158,6783.961416,6923.286702
6938,6777.210365,6760.348689
6875,6722.641553,6764.955091
7009,6724.983288,6896.676716
6971,6781.392581,6932.346642
6928,6729.229944,6826.018885
7024,6725.190135,6729.34933
6941,6720.350771,6742.571918
6812,6707.354218,6779.396833
6841,6807.363659,6997.48969
6852,6731.015401,7281.735401
7064,6789.754193,7107.13212
7066,6785.828016,7290.818691
6961,6733.642041,7074.322635
6946,6734.713083,7084.974304
6841,6769.926072,6733.773144
6684,6774.331039,6669.642904
6576,6760.033728,6627.567189
6549,6806.262209,6833.245233
6812,6786.896822,7149.568446
7452,6752.156629,7082.836883
7414,6791.350606,7107.455377
7055,6789.043918,6959.885159
6808,6782.100533,6931.005724
6713,6775.707563,6743.597467
6541,6774.838592,6612.061231
6690,6721.954446,6549.363829
6928,6777.27691,6831.198875
7153,6771.442267,6881.529599
7112,6777.680032,6989.905493
7054,6738.622236,6894.135836
7031,6766.557807,6754.888698
6886,6766.682132,6753.898102
6817,6759.238775,6888.169411
6604,6781.845332,7278.749546
6861,6787.348649,6983.292864
6979,6735.508092,7048.116488
7023,6726.394958,6921.87945
6973,6726.807064,6999.121778
6813,6778.727475,6826.894872
6902,6766.372764,6561.722779
6840,6778.592843,6855.045683
6740,6766.891758,7183.001235
6719,6721.457039,7370.460993
7120,6810.327767,7138.73945
7162,6782.956297,6759.65975
6837,6755.628827,6665.218642
6612,6780.045601,6679.772604
6560,6771.13501,6628.093195
6582,6722.42071,6555.601391
6695,6768.302883,6537.82587
6734,6710.932951,6856.421133
6771,6729.902899,6883.957482
6766,6761.268644,6791.850486
6884,6782.003606,6967.412918
7025,6765.643744,7587.903092
7306,6751.610292,8163.862278
7995,6969.836812,8336.895625
8373,7648.146438,8517.380019
8301,7282.537552,8299.840864
8279,7236.192366,8273.456388
8253,7098.70885,7899.48699
7819,7168.467371,8013.156786
7819,6850.969729,7679.10639
7727,6767.308899,7638.532101
7653,6785.644662,7524.731192
7661,6769.203782,7727.685882
7721,7043.68183,8207.174532
8214,6812.150601,7989.183597
7990,6782.326725,7575.422786
7495,6747.271238,7070.494218
7126,6718.765605,7003.339906
6986,6712.174952,6718.095172
7046,6714.174776,6602.776532
6790,6713.776826,6808.982385
6653,6795.549358,6926.408177
6686,6716.717495,6734.749636
6815,6778.115983,6620.758712
6914,6797.209444,6957.657537
7244,6757.568746,7739.897053
7247,6847.04499,8558.740363
7839,6807.107146,8036.903256
8342,7336.346045,8176.244629
8643,7423.391591,8303.856313
8964,7462.179348,8627.807088
8984,7746.261549,8665.890995
8560,7885.431259,8595.5854
8637,7383.033243,8289.039879
8568,7438.652482,8265.787603
8386,7253.094377,8141.7418
8364,7263.06323,8237.143539
8123,7449.274412,8627.74243
8221,7019.330362,8239.264969
7969,6817.401229,7522.317763
7566,6743.374137,7065.014043
7334,6741.141578,6961.983378
7043,6792.916183,6821.747341
7005,6726.152805,6760.688044
6786,6781.076672,6882.652796
6724,6781.251991,6801.708329
6776,6751.585857,6805.495523
6992,6731.911652,6773.731905
6957,6730.506718,7131.955539
7191,6806.649033,7591.321764
7339,6745.164631,8547.610561
7773,6890.396998,8367.844041
8161,7324.008803,8278.259205
8610,7112.85846,8079.932975
8661,7352.398724,8433.265859
8622,7500.965862,8314.817285
8036,7600.594711,8433.651046
8104,7011.833326,7935.255354
7937,6940.250504,7843.113611
7693,6783.595688,7613.321146
7858,6812.667915,7659.892498
7955,7074.345466,8290.627325
8090,7189.749052,8251.029335
7889,6803.916786,7501.376125
7433,6746.959888,7060.248978
7067,6720.491879,6810.204271
6887,6767.252077,6523.202151
6566,6767.477116,6532.61172
6405,6706.389813,6481.956979
6679,6713.327201,6714.558512
6791,6774.104165,6806.339229
6876,6717.919883,6695.173182
6917,6778.87815,6960.208589
7051,6830.664235,7640.136954
7306,6769.497055,8404.073028
7931,6808.878697,8171.617412
8193,7270.446474,8284.60498
8188,7076.736996,7993.413745
8253,6968.137112,8108.662283
8307,7010.899372,7882.932034
8200,7132.345907,8032.443212
8228,7102.745334,8138.145248
7677,7194.887526,8073.989104
7580,6812.73661,7516.152493
7568,6819.432424,7640.097924
7701,6825.129832,7987.265537
7861,6818.431031,7901.552327
7649,6818.727037,7222.12762
7198,6747.870495,7130.26779
6948,6707.229335,6822.099369
6762,6673.365966,6436.279619
6459,6751.19482,6303.713074
6544,6730.394369,6065.066352
6607,6694.52055,6496.998474
6695,6699.991326,6561.099475
6687,6772.298316,6682.304857
6684,6788.83671,6997.702247
6869,6804.680631,7438.500714
7107,6722.313862,8096.95774
7752,6735.19521,7955.439122
8249,7239.057781,8131.942882
8591,7086.110177,8132.977692
8540,7253.257439,8505.348315
9025,7292.95252,8234.609429
8677,7854.092268,8663.262246
8598,7513.426895,8443.230844
8436,7318.241154,8333.501062
7905,7291.790846,8330.737194
7825,6870.296437,7969.893165
7836,6845.933812,8105.487945
8145,6804.16289,7982.442964
7997,6806.238645,7368.557786
7537,6732.104124,7057.581372
7197,6742.984102,7012.894006
7076,6788.27525,6827.796998
6925,6772.966194,6626.74321
6632,6725.163334,6727.067304
6516,6721.682761,6814.513079
6557,6771.327366,6612.496872
6601,6765.223553,6290.136927
6843,6743.846089,6237.905931
6670,6710.438727,6589.21914
6569,6767.82617,6556.917371
6426,6752.030603,6745.141417
6740,6724.518521,6970.947764
6907,6792.161098,7117.698476
6899,6730.039492,7062.608248
6817,6736.874732,6921.2009
6885,6731.328724,6984.090438
7168,6726.925872,6890.529821
7259,6755.596665,7022.677502
6869,6740.304201,7187.50404
7023,6727.464049,7042.226257
6660,6828.568313,7495.60592
7263,6816.935038,7049.350903
7283,6792.165169,6944.671312
6928,6781.413253,6837.960457
6650,6778.310813,6794.757414
6583,6702.662645,6602.368203
6474,6712.640038,6466.432309
6280,6772.883765,6376.62103
6459,6754.982695,6394.655356
6548,6721.059634,6566.4403
6591,6764.222867,6428.644372
6647,6748.350259,6359.350238
6620,6754.291537,6403.013311
6512,6695.304541,6332.175079
6402,6706.223003,6504.877726
6292,6735.136548,6890.235231
6576,6755.104588,6636.215054
6655,6722.566861,6852.325283
6636,6764.714768,6682.987647
6694,6721.763065,6697.247905
6593,6758.196786,6604.456837
6657,6702.551617,6442.644494
6643,6706.032011,6683.238932
6970,6799.391068,6944.568729
6696,6770.805177,7534.562508
6956,6723.922281,7208.361332
7102,6718.772453,6701.082587
6813,6717.368202,6524.83759
6602,6719.689309,6581.779647
6534,6707.980026,6521.945372
6279,6716.822042,6509.892133
6615,6759.427804,6283.774124
6686,6709.973429,6822.805318
6808,6728.05517,6844.618661
6762,6753.021419,6778.189518
6738,6732.358165,6854.839421
7046,6771.835924,7335.091424
7233,6775.304355,7991.093643
7762,6791.774689,8114.816155
8125,7385.830615,8319.385923
8107,7006.365344,8044.681601
8056,6895.95399,7972.579664
8017,6839.620522,7663.994159
7611,6874.665936,7730.749831
7547,6815.446912,7469.601312
7400,6780.140909,7391.80122
7589,6790.344494,7282.597582
7727,6763.598406,7713.731007
7684,6783.655951,8262.446784
7854,6759.044388,8170.893045
7785,6744.148776,7403.364426
7311,6726.415876,6915.279238
6979,6780.256941,6722.486077
6926,6691.584946,6481.027688
6622,6704.071658,6600.825538
6782,6728.560812,6419.945683
6690,6698.658153,6977.049413
6876,6796.910054,6701.373372
6938,6718.755243,6838.505019
6923,6728.384623,7162.058354
7250,6733.989603,7822.177638
7400,7055.343337,8524.594122
8012,7049.315949,8172.762887
8483,7361.055276,8215.104574
8563,7497.708422,8420.861541
8653,7453.174706,8562.257059
8633,7391.712176,8281.944316
8262,7515.550258,8278.533312
8425,7118.879734,7971.282905
8633,7249.357145,8025.092055
8762,7437.045763,8330.030373
8920,7631.748086,8587.71891
8650,8096.468519,9107.163658
8430,7654.09777,8791.320322
8206,6796.818619,8041.052996
7743,6760.667199,7506.848322
7402,6735.317048,7025.683839
7357,6773.495204,6627.216983
7116,6800.21329,7203.965704
6808,6732.23896,7162.231536
6768,6791.67477,6849.665173
6953,6755.072443,6751.992191
6987,6771.840445,6696.838169
6927,6734.682039,7100.034105
7192,6755.622125,7634.100379
7046,6820.484085,8455.224553
7506,6765.750332,8027.236418
7858,6944.204438,7832.571468
7922,6765.491124,7640.581135
7983,6767.177872,7813.528202
8012,6763.47952,7687.052529
7779,6834.973211,7730.629771
7769,6785.237076,7462.035111
7678,6735.554818,7467.551725
7455,6753.062253,7452.652465
7721,6811.104371,7551.43212
7734,6841.360477,8226.678557
7897,6835.523187,8093.514406
7729,6786.333142,7474.454211
7289,6698.112477,6851.846908
6887,6712.125249,6651.530457
6741,6723.678733,6416.83317
6354,6710.454999,6401.599048
6492,6688.667807,6265.822244
6775,6784.891515,6608.565785
6771,6787.417266,6561.572134
6754,6789.799185,6468.612335
6742,6803.985019,6890.651729
6960,6848.97304,7597.830843
7096,6751.350165,8302.573093
7420,6736.76584,7855.729312
7881,6797.525962,7598.524469
7982,6750.606321,7801.627473
8004,6787.937771,8042.892029
7965,6794.47465,7696.218472
7637,6817.9835,7639.891722
7700,6803.233771,7364.260769
7434,6715.679762,7310.662035
7328,6742.831804,6991.890853
7186,6697.484947,7225.23426
7194,6769.035034,7708.03748
7672,6760.968614,7821.134193
7710,6828.970459,7364.106031
7301,6720.132497,6839.85724
6946,6741.41327,6689.221872
6813,6683.724293,6511.802956
6657,6725.130321,6478.644171
6424,6780.584494,6430.401235
6476,6761.930649,6454.737989
6504,6789.065467,6446.628167
6523,6683.598638,6355.582369
6338,6782.918606,6682.419033
6628,6862.816636,6999.252476
7159,6973.224035,7692.982031
7513,6806.523757,7842.33702
7795,6789.049708,7735.525776
7760,6759.073203,7528.917267
7706,6797.245068,7535.146574
7658,6776.815257,7310.642105
7379,6799.49505,7278.736559
7542,6786.162015,7134.054276
7263,6747.959315,7279.78857
7058,6734.367934,7089.212915
6987,6802.23104,7153.053366
7070,6717.856939,7465.628761
7488,6735.925161,7367.791349
7464,6768.464567,6810.818987
7006,6770.161452,6598.853562
6658,6780.953249,6344.881792
6773,6728.348093,6220.280072
6489,6651.939053,6303.048461
6143,6732.445504,6091.6638
6227,6760.11169,6135.28242
6254,6710.704091,6172.449851
6477,6739.543399,6008.819734
6441,6765.802843,6323.927305
6294,6756.173349,6319.399494
6181,6736.826993,6076.138128
5940,6658.275088,6188.974688
6259,6657.059445,6251.713943
6670,6751.680631,6454.185354
6742,6730.841349,6853.322618
6930,6711.787637,6668.09365
6757,6721.58073,6814.221835
6740,6761.485639,6605.820137
6542,6699.535173,6638.204766
6576,6738.753938,6456.053331
6690,6766.236885,6541.481071
6649,6788.528616,6898.0453
6883,6723.902348,6669.213342
6831,6766.60757,6395.317448
6458,6709.312115,6375.262479
6304,6765.316921,6273.455867
6219,6707.382299,6228.614575
6275,6745.396534,6203.270746
6276,6716.39906,6085.723797
6286,6767.18956,6284.476316
6385,6725.105524,6328.265977
6314,6730.468977,6308.214981
6337,6751.566212,6173.639951
6351,6719.825905,6165.329419
6286,6734.433327,6204.892558
6206,6740.747057,6414.906718
6447,6717.293173,6723.87972
6726,6720.890212,6707.201345
6817,6775.78457,6915.064798
6871,6725.717181,6784.958487
6908,6779.104484,6838.701765
6758,6769.169752,6751.695945
6427,6716.327822,6631.608846
6482,6694.823955,6521.739256
6653,6719.340769,6800.330794
6771,6720.120577,6956.961286
6825,6773.085226,6854.813421
6773,6712.209738,6270.338484
6479,6769.283888,6286.162683
6204,6754.193378,6226.476946
6172,6718.217455,6173.258045
6412,6730.65923,6076.626865
6686,6709.364283,6165.260616
6586,6772.054319,6844.821651
6672,6751.503358,6849.859631
6691,6771.592424,6664.057538
6589,6786.060447,6797.468345
6904,6737.183893,7345.746996
6856,6793.482527,8077.540892
7394,6806.640108,7614.942579
7829,6857.904657,7714.738876
7913,6831.585401,7752.663348
8076,6799.89024,7990.43656
8174,6968.962577,7935.953195
7894,7046.290235,7938.340995
7986,6783.736265,7561.913059
8161,6862.029925,7623.157229
8118,6939.968798,8001.129642
8061,7002.099257,8175.543887
8020,7058.756241,8353.838738
8173,6916.825892,8158.867559
7982,6747.175148,7526.23588
7596,6730.123652,7057.95036
7251,6810.80429,6940.161012
7076,6797.468963,6723.844122
6847,6770.76006,6666.152786
7043,6699.738219,6604.785396
6703,6784.219527,7006.591682
6975,6770.548405,6675.042195
6953,6714.027732,6810.501705
6799,6737.861406,7146.351313
6508,6811.490603,7565.483845
7139,6742.963117,7697.053849
7684,6798.974212,8015.399657
8105,6975.786554,7815.617924
8119,7153.336039,8047.167217
8241,7145.417256,8177.984325
8308,6966.93399,7927.767696
7996,7057.343428,7918.369025
8015,6800.235542,7710.925898
8044,6855.005626,7687.99422
7913,6793.176604,7760.932018
7841,6832.827078,8066.894922
7809,7098.287535,8441.756136
8120,6964.372594,8283.580946
8055,6734.337583,7640.829614
7426,6798.027841,7038.968436
7004,6690.994809,6650.010994
6873,6782.973662,6511.220565
6557,6773.009744,6498.62785
6382,6707.743498,6487.441921
7036,6711.438004,6649.203456
7147,6749.656941,7062.909055
7145,6736.196037,6980.685392
7087,6777.282834,7172.007623
7128,6763.028313,7703.894095
7367,6804.389803,8252.760189
7720,6807.595904,8112.656594
7999,7061.546463,7861.380425
8007,6762.731578,7595.886878
8075,6802.137774,7800.471429
8100,7017.438535,7893.863578
7967,7007.593455,8035.484227
7938,6933.813613,7822.466045
7845,6824.806558,7620.888315
7814,6735.622548,7573.284363
8850,6794.201134,7790.515079
7991,7637.737687,8975.306904
8254,7039.581586,8283.82079
8119,6800.699739,7953.306087
7673,6769.203048,7303.434461
7277,6704.513395,6833.165247
7130,6701.773307,6594.827855
6684,6787.88363,6788.377764
6944,6779.129064,6620.551594
6213,6719.533073,6999.489021
6475,6678.947796,6089.886939
6747,6679.911108,6182.407789
6693,6784.948471,6813.298412
6779,6862.108132,7583.855313
6993,6861.524419,8135.839376
7548,6845.999179,7834.914435
7995,6767.815601,7712.948337
8219,6911.28244,7869.208506
8242,6803.824918,8116.806058
8254,6930.347363,7873.909707
8064,7002.993559,7924.300323
8067,6751.500357,7727.009456
7818,6781.466289,7729.383232
7966,6791.970525,7526.682686
7968,6737.668354,7656.379394
7847,6824.897777,7996.545807
8099,6831.524947,8007.663728
7960,6762.877044,7843.873002
7498,6752.788365,7220.394451
7106,6666.569059,6651.994688
7034,6689.587756,6385.01653
6617,6737.513726,6531.492599
6305,6676.682145,6359.251282
6511,6646.517328,6351.097525
6650,6783.463565,6570.407083
6640,6739.312708,6492.394053
6690,6822.810957,6886.035323
6895,6966.029585,7682.123297
7079,6979.401274,8355.94428
7393,6782.583925,7974.672356
7660,6786.829663,7323.807299
7595,6788.109261,7290.540646
7575,6816.774878,7360.389764
7621,6801.056767,7193.934161
7742,6766.019081,7410.221873
7852,6822.626635,7545.145477
7641,6765.65261,7528.060544
7238,6819.443874,7383.426996
6971,6784.151065,7363.378762
6892,6747.731826,7373.76375
7238,6723.105167,7149.983476
7450,6755.034846,6649.188431
7042,6762.149208,6525.959716
6764,6670.326669,6331.73639
6926,6762.261969,6315.575014
6792,6685.499945,6658.667373
6677,6695.428525,6549.121912
6600,6772.73805,6678.687189
6804,6726.828613,6586.851926
6790,6792.87265,6678.204216
6692,6687.977009,6600.174706
6687,6695.668153,6392.99144
6736,6687.111789,6329.608813
6591,6784.483596,6856.120361
6822,6763.035851,6957.773574
7094,6729.033503,7021.844992
7316,6791.882841,7226.351033
7233,6762.037578,7190.378677
7177,6779.51827,7157.327034
7017,6727.351136,6956.707298
6853,6766.828304,6696.278556
6757,6783.115016,6572.404739
6753,6715.241418,6726.81011
6617,6715.697144,7038.292563
6724,6731.938522,6917.467899
6890,6703.707342,6370.965082
6625,6755.55683,6424.692649
6367,6777.834243,6388.717115
6501,6755.402373,6154.021668
6520,6774.382883,6375.664418
6571,6720.610108,6315.865459
6469,6717.56725,6490.979358
6447,6712.678239,6452.919404
6385,6719.419122,6292.049736
6306,6711.115494,6122.270134
6394,6712.21627,6130.720069
6324,6747.144609,6215.781412
6196,6734.107808,6515.975337
6423,6768.512591,6660.510032
6546,6727.087777,6646.675356
7518,6778.824212,6901.398969
6561,6762.128052,7406.170088
6626,6701.745093,6471.326328
6350,6743.096937,6319.264962
6130,6751.21559,6037.665994
6071,6717.932062,6107.083297
6248,6744.503624,6389.993323
6681,6785.681589,6802.174386
7257,6734.676436,7104.839305
6931,6737.075711,6909.010089
6819,6744.478689,6297.867365
6703,6720.304626,6499.863854
6752,6766.962957,6387.345163
6536,6717.672319,6521.944888
6376,6752.606704,6492.402515
6303,6716.229293,6537.596855
6379,6763.743846,6413.244632
6476,6765.689827,6397.638828
6439,6721.549148,6713.979596
6630,6737.54406,7237.088706
6924,6826.413173,7718.133992
7455,6763.789875,7867.920796
7727,6752.856862,7606.168109
7635,6774.058128,7467.781898
7665,6775.388119,7523.102022
7797,6740.809081,7394.075315
7513,6781.012661,7482.859383
7366,6769.771663,7300.629628
7295,6737.916646,7108.340803
7126,6706.265565,7079.059308
7177,6830.142469,7125.794966
7134,6759.806667,7546.650787
7546,6817.419553,7641.309094
7688,6724.481959,7259.280405
7232,6708.434957,6745.223978
6883,6681.447314,6414.378985
6731,6766.843213,6395.202431
6348,6763.626187,6338.697905
6179,6648.164199,6018.961079
5737,6733.530053,6246.986458
5745,6647.243845,5769.714532
6281,6748.442781,5716.616901
6197,6709.025707,6591.728537
6331,6806.21726,7087.561433
6879,6716.881554,7374.265681
7417,6790.637797,7520.799259
7660,6769.307026,7332.535623
7516,6775.300625,7448.850471
7509,6829.713356,7550.845912
7612,6794.974556,7240.258554
7142,6784.13671,7261.945006
7180,6772.56381,6882.513774
8004,6723.54478,6975.886271
6868,6775.840511,7708.969638
7011,6797.591048,6886.548056
7010,6829.855798,7335.41292
7432,6807.386788,7475.343333
7622,6701.396298,7025.700142
7200,6716.320724,6755.500775
6900,6635.481214,6455.709522
6657,6666.178622,6422.61619
6086,6589.865499,6137.612262
6036,6660.880358,5792.888818
5839,6704.740386,6182.734121
5883,6638.027025,5923.490053
5989,6692.465069,5830.290082
5890,6735.839577,6236.389465
6255,6777.027559,6736.262927
6837,6943.816108,7255.038721
7381,6778.224999,7484.967273
7609,6772.979949,7380.611664
7522,6744.472967,7312.631939
7501,6827.41549,7447.069949
7591,6819.65992,7261.97851
7171,6750.56096,7341.533911
7099,6784.684807,6996.183052
6970,6793.187398,6904.552117
6944,6791.814802,6696.722012
6739,6823.46621,6871.615353
6830,6732.205766,7091.52452
7188,6833.693826,7337.289325
7384,6796.506863,6906.149976
6991,6779.007872,6563.9604
6637,6650.533511,6264.274726
6553,6770.25391,6144.048186
6336,6652.559317,6114.010306
6167,6629.269669,6002.204342
6047,6738.495254,6278.973034
6030,6759.042336,6017.777679
6142,6741.20836,5887.769422
6230,6757.088439,6409.920979
6285,6780.425598,7156.827797
6747,6972.863665,7406.832352
7273,6727.742128,7256.757314
7486,6766.3133,7143.207888
7370,6789.445792,7218.842755
7578,6819.039681,7400.109403
7600,6791.02971,7387.170825
7475,6841.627426,7342.30311
7739,6746.355134,7216.259702
7257,6796.958345,7529.9136
7022,6813.854493,7136.138748
6761,6708.473059,7051.215253
6874,6812.371258,6958.844564
7321,6715.905984,7123.361332
7595,6791.066905,6926.993055
7193,6797.658962,6747.733193
6721,6671.990749,6440.318175
6931,6712.75939,6147.196067
6566,6700.196345,6418.766566
6292,6573.854164,6154.658097
6136,6733.75748,6281.273794
6287,6669.097746,6084.657971
6380,6765.134497,6224.213075
6333,6794.44141,6582.464725
6369,6836.83745,7286.419712
6949,6864.587609,7579.147688
7428,6800.723088,7623.500139
7662,6755.904606,7284.750062
7633,6732.676365,7289.059963
7721,6810.142026,7461.790708
8021,6761.195385,7367.77477
7295,6815.935355,7809.803439
7523,6764.269649,7236.156444
7306,6819.803545,7305.042423
7027,6785.300197,6902.718732
6752,6816.109107,6861.226229
6807,6739.478658,6997.347749
7162,6879.178645,7178.004029
7289,6786.976954,6764.073813
6940,6718.723324,6390.553972
6592,6751.608236,6183.775355
6485,6762.408446,6020.875477
6389,6610.212717,5922.889752
6029,6700.89748,5959.771194
5920,6740.436529,6092.998553
5889,6747.529624,5954.090239
5880,6718.021002,5812.171928
5766,6724.30355,5818.502851
5712,6761.360487,5784.829251
5847,6727.684356,5710.233754
6048,6731.403471,6119.742794
6666,6712.776297,6385.891075
7194,6718.224894,6681.743177
7486,6780.418828,7170.536576
7441,6786.985718,7441.79601
7368,6744.530816,7346.458031
7374,6771.407217,7137.58686
7496,6784.410255,7127.423859
7647,6800.85123,7180.629427
7537,6778.738665,7373.054304
6850,6798.928715,7367.476347
6965,6776.741851,6690.206081
6855,6709.942097,6449.095892
6581,6766.931686,6221.278235
7378,6767.438496,6208.05049
6499,6788.523504,7169.536651
6368,6720.965055,6195.675358
6590,6748.735824,6114.016247
6455,6764.298066,6480.406025
6480,6762.851556,6319.619443
6367,6761.500735,6346.944711
6265,6706.445024,6140.104579
6243,6757.298756,6060.508974
6219,6693.133577,6108.890069
6159,6719.648928,6372.229719
6443,6711.934957,6540.518207
6506,6774.23428,6700.543607
6552,6710.422683,6644.603361
6764,6714.719886,6558.819905
6929,6768.509387,6724.90779
6740,6766.045292,6627.655387
6538,6708.519925,6500.639996
6455,6712.003134,6513.0716
6531,6770.155351,6595.520583
6790,6774.55559,6681.645814
6975,6779.967347,6998.963897
6582,6731.281484,6771.115983
6314,6746.03002,6035.451238
6102,6713.688828,5872.026288
6023,6748.777431,5811.91433
5755,6727.944324,5941.34833
5821,6711.304465,5786.719955
6014,6753.125299,5944.32068
6112,6753.12184,6044.975704
6197,6722.891504,6135.208989
6159,6761.699123,6604.52083
6364,6727.252849,7049.019149
6655,6747.046423,7502.376948
7159,6732.148557,7422.433874
7607,6770.664104,7352.87855
7606,6771.516877,7522.039926
7724,6797.991955,7634.035168
7758,6774.195993,7467.825211
7184,6773.111424,7546.040539
7225,6778.75284,6898.66389
7130,6726.527979,6912.856829
6887,6720.326757,6830.818766
6799,6698.377419,6895.135433
7098,6835.235092,7209.767098
7589,6858.812663,7520.32945
7754,6741.504049,7302.190271
7325,6705.399041,6864.817885
6966,6749.306862,6502.646443
6645,6742.116038,6363.935386
6132,6670.302267,6220.688642
6358,6646.123566,5868.235968
6362,6757.697253,6453.944128
6489,6708.777366,6278.779128
6335,6717.812758,6335.021325
6136,6667.794079,6588.316841
6260,6730.437643,7297.798753
6845,6919.276658,7594.727449
7251,6767.528347,7515.444567
7619,6715.409933,7241.504194
7620,6746.658899,7546.740176
7948,6794.548673,7504.253629
8068,6743.322448,7577.653638
7606,7005.109773,7796.273471
7597,6728.85128,7383.066954
7488,6799.760643,7434.568644
7431,6753.576543,7244.813341
7452,6735.466311,7201.018879
7507,6847.619903,7521.069705
7877,6893.190484,7894.725897
7900,6820.554114,7529.990762
7493,6791.081809,7133.775091
7064,6774.072281,6691.293983
6926,6657.433701,6385.21686
6306,6692.007837,6433.193633
6425,6559.890188,6012.835598
6285,6735.563103,6527.946233
6209,6745.903538,6467.67073
6203,6617.284456,6323.628364
6153,6697.497735,6484.153291
6493,6725.595185,7071.579353
7199,6888.063063,7795.767948
7608,6842.283577,7961.925957
8111,6761.191531,7679.491025
8418,7074.921934,8000.20757
8432,7122.985436,8278.416291
8591,7096.60735,8051.832842
8201,7337.049965,8241.662716
8159,7038.757226,7887.751568
8039,6884.988139,7827.848714
7952,6762.384453,7669.297042
7962,6809.801024,7747.956413
7921,6904.761462,8140.461205
8218,6951.314284,8300.334229
8209,6827.968997,8128.156914
7742,6805.891309,7584.245957
7306,6798.358948,6859.17172
7058,6700.770309,6546.390926
6644,6778.746942,6720.127817
6603,6799.454323,6609.090081
6533,6709.965762,6820.806651
6486,6720.405896,6424.754164
6454,6758.189822,6196.818485
6478,6803.776606,6564.915077
6786,6767.805355,7374.994055
7155,6819.731555,8108.326695
7546,6812.942022,7892.982885
7822,6759.433313,7625.727398
7870,6780.250154,7663.747614
8003,6798.174424,7803.762373
8057,6793.513906,7623.263611
7366,6811.033681,7657.08435
7649,6809.114927,7188.198565
7287,6746.096529,7428.008584
7174,6851.348742,7136.001591
7408,6707.819148,7214.415626
7235,6789.5931,7770.167662
7605,6756.257015,7639.485742
7917,6726.50982,7270.463261
7590,6731.705506,7147.398523
7195,6827.386088,6895.057321
6981,6783.94852,6671.08365
6592,6691.664611,6654.220039
6160,6646.534865,6303.14303
6184,6640.801557,6078.332781
6174,6757.389831,6212.056925
6142,6672.626513,6172.065527
6251,6644.418133,6420.915489
6747,6771.072972,7143.010839
6842,6770.650603,7872.946394
7392,6838.505183,7439.883339
7794,6756.367477,7508.326691
7856,6793.600601,7525.046539
7933,6798.357514,7584.381422
8055,6815.628979,7681.613836
7650,6795.236445,8009.16289
7796,6759.887786,7314.172686
7578,6795.912456,7344.393178
7423,6784.730534,7448.955265
7353,6814.099112,7423.661691
7193,6793.917788,7623.126419
7496,6833.574379,7474.61268
7598,6819.321854,7115.821899
7149,6778.753056,6809.916719
6777,6735.106492,6417.748577
6650,6642.824324,6274.228071
6347,6708.53216,6197.721388
6236,6669.384166,5969.907841
6188,6672.638758,6176.137898
6288,6693.636803,6080.062392
6422,6740.343619,6184.077094
6252,6724.610304,6275.446978
6291,6738.562383,6174.144853
6045,6713.921017,6229.354899
5904,6643.568448,6246.96418
6186,6735.939614,6357.416843
6652,6761.634907,6491.994636
6838,6774.354707,6781.760066
7000,6782.669661,6880.181566
6854,6791.889231,7013.389617
6948,6733.207684,6605.216512
6872,6748.870034,6636.424347
6670,6694.115671,6562.586047
6672,6766.061159,6626.421585
6466,6789.376933,6891.683464
6342,6708.648391,6649.90108
6536,6722.999665,5938.680206
6226,6703.861164,6141.76891
5991,6714.811054,6076.128249
6052,6712.972643,5901.758077
6022,6740.018338,5998.406424
6087,6631.54069,5788.707025
6218,6758.225956,6087.335697
6337,6744.767643,6206.885051
6057,6742.127363,6250.543392
5958,6736.147157,5884.945248
5785,6735.297217,5818.952558
5728,6721.836203,5694.950481
5884,6744.04922,5917.660508
5849,6712.988056,6311.195724
6455,6718.168647,6194.602382
6608,6768.692141,6679.581686
6661,6727.267043,6574.368857
6483,6770.337142,6623.041735
6455,6723.573875,6222.19713
6439,6747.897374,6307.840294
6454,6773.788468,6529.798253
6497,6725.639018,6606.650895
6190,6708.825225,6815.062942
6155,6712.078837,6591.218316
6324,6744.832936,5907.707958
6117,6719.948815,5940.231178
6028,6737.768977,5908.259695
5780,6732.975893,6017.983743
5918,6704.525769,5869.575073
5975,6678.857176,5847.463437
5979,6748.124058,6024.294909
6099,6719.413169,6045.555418
6119,6739.102839,6092.223067
6125,6717.353893,6332.946247
6803,6723.495582,6779.87766
7560,6776.114959,7616.115478
7793,6988.957637,8224.146658
7660,7114.409362,8051.198002
7613,6782.092032,7697.27518
7747,6792.269863,7518.29962
7340,6762.946147,7266.290448
7336,6733.817641,6987.757226
7019,6768.121635,7147.013129
6881,6787.647585,6852.585039
6746,6674.834586,6665.683469
6736,6845.154562,6711.403935
6817,6845.717058,7173.102428
6957,6770.439786,7297.124469
7178,6757.523981,6530.337487
6890,6623.55996,6325.327235
6695,6599.161829,6226.241938
6248,6701.418723,6198.083502
6027,6702.92,5837.162864
6018,6659.308758,5763.074064
6042,6667.386761,6123.680805
6130,6655.968966,5969.970358
6148,6676.628276,5991.662268
6261,6726.060337,6544.973071
6801,6912.276303,7228.122886
7487,6827.809959,7761.245017
7666,6774.418843,7964.38408
7507,6796.528274,7627.606083
7468,6758.01661,7404.368772
7622,6748.279425,7364.126962
7244,6779.181607,7184.862719
7206,6729.885982,6952.948479
7205,6737.646694,7009.563773
7130,6706.358442,6931.791641
7037,6699.319481,6772.571094
7056,6752.0617,6939.749402
6937,6777.01636,7425.185791
6864,6836.707641,7352.551459
7087,6763.523776,6526.751055
6812,6604.574661,6230.664265
6643,6709.935522,6098.275531
6335,6674.861838,6024.524944
6166,6623.957849,5993.796062
6083,6659.994631,6035.942462
5998,6684.559684,6135.504925
6337,6738.777427,5905.971232
6331,6714.321958,6229.020554
6512,6774.802213,6680.992201
6737,6814.814541,7412.513376
7447,6758.641255,7812.494635
7687,6814.824843,8072.863247
7533,6802.319902,7706.507716
7508,6755.748852,7397.852647
7533,6813.412579,7346.017442
7021,6739.87094,7129.671876
7125,6782.682691,6788.699756
7035,6792.412309,6924.499391
6882,6719.221089,6803.331013
6632,6695.384241,6592.331065
6503,6744.209537,6625.838131
6803,6833.152822,6867.742397
6841,6863.734236,7171.386702
7052,6689.726882,6528.238422
6777,6603.27424,6250.181174
6660,6624.314178,6040.643456
6391,6704.846798,6092.133678
6144,6651.080309,6082.746128
6046,6653.493997,6027.377096
6107,6640.89851,6155.39628
6219,6722.051075,5991.808923
6207,6642.329344,6059.315903
6130,6783.068854,6631.290018
6684,6839.458418,7251.734548
7395,6873.190382,7819.70715
7573,6745.916778,7862.643059
7433,6747.158185,7494.44504
7422,6771.124514,7263.092001
7521,6861.684822,7353.678352
7327,6787.493219,7121.157802
7591,6793.423291,7037.839644
7411,6739.166072,7327.328278
7236,6740.266014,7210.128902
7225,6723.939728,7044.959592
6921,6728.527343,7238.631112
6604,6873.70859,7147.855829
6532,6803.404428,6842.425648
6768,6734.061611,6277.395743
6508,6717.641553,6042.14994
6486,6688.108428,5836.291841
6225,6720.399921,5835.16937
6414,6625.756574,5871.793697
6440,6660.592582,6232.605259
6398,6683.860824,6362.478811
6436,6583.18904,6244.493554
6356,6609.542785,6362.869732
6313,6702.951038,6699.968314
6583,6899.964414,7212.532072
7224,6749.809833,7677.029379
7444,6756.441923,7790.379683
7291,6732.638794,7383.066678
7331,6790.118427,7078.047675
7470,6819.040381,7068.081446
6954,6796.855857,7045.929088
7214,6774.716105,6792.151271
6912,6791.013887,6999.032182
6737,6710.469225,6684.249392
6537,6676.63442,6486.631256
6435,6755.43663,6488.901863
6375,6695.235647,6571.92348
6360,6647.762545,6531.359137
6505,6644.067037,6001.411932
6217,6594.399096,5824.906307
6135,6633.668484,5580.647296
5816,6722.482139,5603.850249
5431,6722.45079,5407.200439
5226,6453.178348,5182.036158
5302,6441.513802,5437.242671
5271,6234.558756,5293.947192
5162,6044.641843,5174.173813
5126,6210.640175,5332.190258
5260,6189.508672,5226.30972
5229,6498.820271,5369.852919
5496,6602.218784,5539.151693
5689,6697.860476,5723.037213
5800,6683.15883,5763.84955
6094,6737.343036,6060.194663
6316,6747.148661,6260.46465
6090,6712.859447,6254.087616
6123,6750.645252,6051.441055
6047,6743.787303,6169.438782
6001,6734.091546,5984.450582
5606,6724.360413,5982.897607
5635,6733.014776,5657.324363
5761,6711.057493,5662.566387
5842,6578.019533,5574.144848
5668,6624.420923,5817.000856
5631,6752.217919,5961.848274
5346,6620.354839,5799.615013
5238,6225.269472,5275.886235
5037,5947.023068,5060.252705
5609,5954.973834,5085.765122
5687,6332.651382,5532.519653
5585,6392.567775,5618.926628
5452,6485.362319,5576.634471
5447,6704.140876,5511.566479
5481,6687.939188,5544.334585
5325,6709.598548,5700.77222
5499,6734.0524,5800.168409
5881,6659.490282,5681.246572
5879,6749.572434,6111.520131
6017,6739.805715,5930.133008
6015,6736.842418,5980.502554
5869,6746.464473,5953.270059
5772,6735.004365,5878.79704
5878,6747.362649,5897.317582
6019,6722.150312,6057.753879
5561,6707.997542,6164.258549
5613,6746.188932,5701.887714
5829,6736.891052,5679.038171
5633,6681.909995,5727.684877
5523,6504.613549,5519.08992
5234,6222.105945,5486.015653
5100,6225.633693,5362.418866
5061,5929.47019,5153.488667
5062,6092.32337,5252.153719
5084,6157.426179,5214.013857
5183,6446.482617,5594.978999
5461,6740.800189,6041.073406
6274,6710.373961,6419.580978
6935,6779.080078,7214.09907
7219,6757.045554,7394.995315
7134,6767.013273,7288.153261
7363,6780.413203,7218.578871
7316,6774.800287,7133.056665
6827,6772.077361,6911.668715
6798,6737.085502,6851.300024
6691,6719.533661,6660.75447
6546,6781.372185,6523.032613
6456,6748.109754,6311.784004
6336,6747.751656,6443.812455
6465,6702.136911,6485.581266
6445,6780.623524,6598.196755
6498,6800.498774,6473.578645
6215,6747.441691,6080.042981
6007,6711.810282,5652.265607
5564,6273.556377,5435.779845
5065,6319.661236,5272.870365
5218,6433.663546,5373.726893
5137,6439.664166,5478.964992
5047,6213.729891,5140.411101
4997,6296.582418,5237.374726
5447,6658.417573,5842.549609
6118,6739.621955,6464.529205
6821,6784.894779,7017.492055
7131,6778.491175,7335.570352
7079,6757.777693,7272.616052
7119,6775.138185,7209.559584
7242,6776.042888,6858.710555
6812,6778.343738,6832.713217
6863,6774.642479,6788.671015
6823,6768.501706,6680.659014
6708,6788.749523,6659.630478
6557,6769.333893,6495.63039
6373,6774.599106,6555.179177
6402,6770.978182,6487.364656
6416,6754.016133,6429.695796
6442,6802.830097,6174.488108
6154,6702.285462,6059.971536
5951,6714.545059,5737.955124
5678,6465.311339,5501.89743
5319,6476.074313,5566.582723
5220,6437.827758,5523.433773
5216,6368.669952,5431.972324
5293,6257.855623,5163.122623
5296,6424.514527,5436.738805
5656,6717.887523,6092.359568
6279,6782.522871,6719.553966
6913,6806.416287,7180.031579
7213,6747.589342,7342.570033
7251,6773.336325,7355.503707
7260,6773.627526,7286.737339
7314,6765.845741,6903.608613
6822,6743.201198,6940.289102
6787,6773.333083,6838.188712
6707,6719.900369,6653.092956
6637,6771.650166,6572.883149
6797,6708.002097,6459.957355
6508,6780.2145,6857.090754
6450,6711.312349,6728.817954
6411,6773.833408,6656.431099
6469,6706.317033,6435.17193
6182,6708.52005,6125.724935
5950,6701.418179,5733.759515
5531,6325.204515,5522.574425
5245,6367.157907,5333.405503
5310,6396.980121,5365.846311
5486,6535.380579,5566.809441
5549,6544.938928,5450.458396
5576,6693.823603,5550.899895
5557,6674.267219,6246.939484
6208,6753.341748,6517.497848
6911,6818.808766,7113.042073
7266,6792.135089,7245.718938
7244,6749.297657,7269.665393
7268,6742.980978,7343.2276
7310,6788.911489,7046.456475
6821,6737.541085,6879.067366
6837,6726.543185,6757.128097
6697,6721.158353,6588.310521
6829,6773.604885,6395.308571
6542,6765.731715,6541.184599
6411,6710.789206,6524.464647
6293,6784.802501,6613.370778
6276,6702.384462,6505.889515
6437,6779.840685,6264.005938
6243,6734.349785,6042.543555
6055,6713.441916,5768.644906
5677,6335.756019,5525.859014
5392,6361.157702,5336.179457
5365,6492.74432,5416.690848
5408,6569.377523,5554.326787
5377,6472.695378,5412.683412
5367,6594.074422,5449.583574
5751,6739.073665,5944.501461
6422,6706.955297,6658.432425
6995,6794.097001,7237.415383
7262,6754.491968,7364.694587
7142,6785.392928,7216.796276
7102,6750.06187,7187.480346
7088,6735.338416,6845.660879
6653,6762.179393,6629.285886
6615,6723.649115,6555.496425
6728,6757.431418,6396.766389
6783,6751.331007,6462.668965
6390,6718.985204,6563.21657
7137,6757.704823,6459.310288
6067,6738.198667,7288.128841
6044,6774.929556,6378.308778
6186,6702.152605,6108.481534
6008,6742.563815,5933.684658
5896,6615.564914,5532.874307
5575,6168.311785,5381.212341
5313,6300.891593,5196.254502
5258,6468.770475,5299.199992
5166,6498.43372,5408.305019
5048,6087.017724,5112.362777
4997,5898.349145,5000.149452
5110,6109.108153,5150.584429
5241,6126.379808,5080.060128
5158,6485.21682,5373.186278
5403,6579.036313,5595.656323
5499,6522.902018,5557.439507
5492,6477.487212,5513.838639
5541,6521.544573,5707.219334
5721,6440.647166,5736.376659
6121,6560.717604,5617.329581
5981,6732.467383,5918.752585
5928,6726.144195,5930.037194
5845,6746.52554,5886.944959
5582,6742.649348,5835.332121
5188,6684.381485,5492.649904
5178,6350.83454,5217.71237
5413,6275.148935,5406.65333
5349,6270.38235,5583.153497
5284,6378.715242,5475.85697
5012,6171.526051,5395.692496
5154,5861.2166,5095.470369
5241,5877.061626,5115.638939
5543,6020.06407,5170.45499
5544,6239.777155,5448.475263
5528,6269.256286,5518.772155
5482,6453.662871,5516.395408
5379,6530.519978,5389.206351
5356,6679.949383,5521.136882
5629,6722.196293,5678.435868
5835,6750.870328,5858.099943
5974,6736.688134,5943.89674
5998,6742.408019,6222.225763
6009,6736.999981,6057.48972
5810,6737.470114,5929.83044
5648,6677.760549,5667.716121
5604,6504.172615,5649.891485
5673,6595.213439,5781.400286
5815,6746.641869,5898.860056
5251,6754.030606,5857.375092
5090,6543.337546,5463.96384
5399,6424.409768,5483.17414
5409,6269.166034,5397.682812
5382,6130.818991,5164.144722
5169,6059.485908,5351.879831
5707,6060.882763,5324.294478
5705,6560.11625,5749.886524
5838,6573.222501,5692.343769
5849,6720.739092,5832.942249
5844,6715.096097,6110.207345
6202,6726.660944,6493.447791
6089,6731.257648,7286.569615
6574,6744.975171,7261.134152
6901,6773.453748,6992.681105
6896,6727.250041,6969.313829
6939,6728.190857,7103.296588
7117,6764.474966,6734.501143
6610,6718.348361,6768.945844
6812,6727.81641,6724.313681
6557,6773.0828,6690.172418
6430,6720.622443,6421.711457
6420,6721.212528,6269.313518
6280,6701.314499,6439.318147
6184,6741.522449,6381.172777
6073,6698.8166,6294.863515
6234,6748.566898,6136.312464
6091,6710.533931,6026.470981
5928,6663.220286,5574.807044
5509,6204.912626,5385.680399
5196,6416.229727,5377.913107
5483,6581.005284,5494.624333
5601,6739.638056,5800.014983
5755,6696.029948,5575.305935
5636,6740.057102,5929.198086
5877,6748.458134,6455.419389
6173,6810.232822,7037.056456
6700,6736.909887,7221.974782
7102,6766.641613,7030.378322
7136,6743.638489,7311.775457
7218,6738.352772,7391.009846
7331,6781.32408,6882.624508
6836,6733.271378,6927.834874
6870,6771.672793,6791.33075
6896,6716.095301,6670.851699
6732,6781.157361,6696.076046
6605,6706.279843,6508.953516
6343,6761.421324,6482.68252
6306,6773.818625,6399.418245
6246,6711.377111,6452.363936
6421,6689.417319,6326.158226
6273,6702.731387,6161.335868
6077,6626.998312,5677.474006
5671,6404.364712,5544.905181
5329,6397.386722,5437.43333
5453,6484.43099,5505.164611
5543,6661.809814,5763.336497
5720,6531.19029,5502.584494
5822,6682.857053,5794.61836
5885,6696.933486,6490.772689
6376,6797.3443,6886.516279
6885,6805.085169,7363.033089
7118,6780.453027,7102.361115
7033,6787.939489,7107.68966
7028,6741.593836,7155.711128
7081,6790.359299,6781.585459
6675,6732.202068,6726.002893
6785,6779.52083,6719.464996
6680,6768.04994,6651.961564
6519,6757.332128,6478.604261
6326,6723.896053,6399.73905
6250,6744.384435,6365.113121
6199,6768.423262,6413.448244
6187,6763.957319,6383.379554
6259,6695.188492,6276.871948
6136,6753.323222,6060.392161
5968,6725.34173,5678.888545
5550,6323.02796,5525.202897
5200,6284.017042,5326.087228
5229,6492.052731,5354.987439
5527,6555.731985,5534.48745
5711,6586.49627,5456.134238
5667,6727.237831,5783.834093
5992,6679.257047,6385.561981
6113,6815.99308,7061.580795
6539,6794.017957,7150.191577
6825,6759.84914,6807.393376
6780,6733.679037,6887.934575
6822,6765.132686,6975.784534
6837,6761.630382,6641.462561
6472,6759.202726,6484.700383
6410,6721.03236,6500.875246
6384,6764.427188,6255.22349
6164,6768.967328,6146.466588
6054,6716.689367,5955.061841
5868,6762.873039,6065.436687
5737,6717.267639,5961.862643
5724,6697.012914,5807.63928
5883,6689.980584,5848.885161
5793,6717.199859,5774.923882
5665,6381.632535,5424.557476
5530,5975.570213,5212.933455
5331,6040.507853,5121.232715
5267,6023.47915,5033.045494
5494,5960.657552,5166.475324
5531,6043.06773,5227.92314
5416,6054.477442,5185.512649
5455,6295.717267,5265.757394
4950,6616.58248,5523.481991
4700,6287.424039,5180.031611
4849,5997.711761,4924.664971
5015,5994.661144,5138.675134
5148,5883.177436,5127.084849
5093,6169.065166,5355.853833
5101,5866.43341,5136.049563
4922,5858.563742,4905.798272
4932,5603.648261,4709.539314
5015,5746.316499,4902.354248
5215,5836.725177,4996.283076
4999,6072.501303,5128.476937
5009,5833.762152,4856.518799
5094,5575.581977,4685.594862
5294,5599.134541,4749.217574
5305,5862.983652,5179.180276
5336,6198.581012,5463.985531
5143,6068.63769,5341.855714
5350,5820.367857,5072.10273
5452,6223.05368,5369.196664
5499,6593.194523,5780.590399
5407,6451.782218,5544.705404
5370,6168.587032,5245.249367
5481,6292.400764,5387.293818
5687,6364.42768,5296.809982
5662,6634.488526,5563.29468
5236,6747.250128,5898.08913
5706,6623.199064,5685.532951
5750,6708.286281,5818.580565
5789,6709.128994,5784.123535
5819,6650.341332,5913.647753
5788,6714.231369,5814.582247
5935,6579.528867,5715.316826
6108,6744.6829,5966.227358
5990,6739.598062,5858.755438
6193,6719.773029,5693.764387
6296,6732.426777,5819.913453
6095,6724.802196,5818.120151
6019,6585.768207,5686.212071
5654,6582.860343,5765.379245
5411,6424.31582,5540.576388
5318,6165.384475,5422.635686
5232,6263.318701,5580.361721
5166,6074.317746,5372.913552
5234,5933.041528,5210.39824
5341,6075.094821,5285.006517
5421,6119.483194,5414.982928
5413,6380.649949,5502.13078
5397,6423.927145,5374.444905
5398,6612.30939,5547.544707
5661,6657.341989,5634.577818
5642,6741.326891,6028.466133
5355,6750.308306,5877.003737
5391,6631.362621,5734.321407
5401,6393.176193,5630.51049
5495,6293.2779,5418.02491
5397,6251.282197,5526.769481
5674,6264.219808,5482.449082
5585,6576.394007,5707.42374
5650,6638.319386,5570.156893
5617,6664.188978,5585.262354
5485,6622.152726,5635.799419
5484,6431.721861,5442.897237
5284,6252.233835,5466.890874
5260,6168.074359,5364.143365
5156,6143.690769,5410.338718
5655,6072.127859,5300.875444
5639,6435.621741,5584.271065
5782,6613.11034,5698.649547
5869,6664.655489,5836.464126
5819,6506.98432,5752.095822
5698,6548.538847,5631.655689
5812,6553.372491,5615.498769
5685,6743.428009,6130.484715
5673,6745.403626,6068.65869
5761,6744.324519,6042.87037
6027,6735.663329,5991.65087
6047,6752.624155,6322.006344
6170,6744.984205,6062.359474
6054,6747.518096,6037.609902
5967,6736.682092,5961.260685
5988,6749.280153,6026.295588
6153,6726.56011,6120.955138
6274,6745.561689,6246.928604
6170,6748.691144,6329.360299
5618,6750.874305,6205.329244
5643,6610.307157,5600.239329
5543,6519.350679,5618.430638
5537,6351.38683,5467.920572
5393,6324.044844,5478.464028
5554,6328.446309,5426.437127
5602,6506.681269,5685.705788
5672,6658.305103,5779.496042
5689,6680.680446,5670.250715
5622,6746.866988,5791.823475
5820,6714.408597,6335.452346
6064,6745.154516,6770.997417
6673,6777.924517,6904.112375
7051,6770.944351,7104.803383
7091,6750.144691,7199.972602
7158,6786.888269,7285.604989
7235,6742.057461,6989.651971
6946,6747.170423,6901.843184
6957,6771.264551,6899.265951
6851,6778.790656,6806.851638
6859,6783.600347,6656.660399
6796,6706.733764,6699.543056
6669,6740.782085,6938.723158
6680,6703.218147,6932.455425
6608,6770.621378,6660.236478
6644,6747.602555,6240.210318
6531,6753.049219,6422.800148
6338,6759.739646,6404.281299
6019,6768.308966,6098.619063
5775,6695.229905,5828.894954
5784,6631.889792,5857.98009
5860,6674.225823,5918.886185
5925,6750.73918,5849.010609
5810,6742.157645,6005.633584
6126,6739.564272,6344.939992
6587,6783.58293,6956.563129
7125,6790.158282,7421.455916
7501,6741.857522,7572.200231
7542,6782.176602,7595.188831
7635,6771.38079,7598.840715
7693,6740.26082,7321.134132
7437,6734.106276,7224.63396
7417,6737.913824,7245.508246
7310,6736.727446,7161.655482
7248,6723.679679,7023.792876
7318,6774.409738,6965.844815
7109,6729.41167,7275.165083
7032,6775.556746,7288.155782
7001,6781.728156,7053.063508
6985,6723.037244,6687.027922
6824,6780.770922,6718.189323
6610,6766.429375,6579.286899
6301,6762.027332,6235.580338
6085,6752.874989,6085.50675
6144,6722.387017,6134.149863
6475,6749.93689,6355.280423
6351,6708.291406,6381.893241
6178,6690.931221,6310.691582
6346,6786.727128,6738.494716
6778,6845.710591,7290.875336
7228,6792.697819,7804.072125
7487,6740.895283,7492.169564
7485,6738.290461,7465.348022
7474,6791.0176,7493.960172
7446,6756.976274,7232.574917
7160,6734.10434,7021.436162
7130,6766.170081,6998.101854
6912,6724.318739,6881.548613
6842,6782.921758,6667.557249
6823,6706.896459,6612.186118
6481,6722.739499,6853.956707
6562,6689.658856,6729.990976
6579,6772.52905,6782.311562
6739,6778.689395,6473.431264
6731,6737.25161,6384.473807
6547,6757.257071,6417.588451
6630,6732.939527,6188.354527
6558,6770.261889,6305.486343
6558,6759.33536,6464.766614
6558,6714.360479,6726.441034
6560,6706.473537,6633.295394
6557,6783.112063,6551.501837
6811,6703.245425,6915.504022
7181,6772.05536,7563.932804
8007,7016.258382,8093.488432
7972,7383.090165,8256.961048
7789,7155.442547,8050.93329
7726,6865.69762,7673.401742
7761,6747.116919,7228.216489
7376,6770.416908,7122.334604
7496,6734.657443,7203.106563
7584,6737.667088,7279.190895
6955,6737.895697,7400.109403
7153,6787.501668,6795.052512
6781,6780.429242,7137.136911
7365,6712.924339,6995.107036
6990,6776.940005,7401.190842
6805,6732.880087,6834.286208
6874,6720.77586,6322.080501
6767,6727.690763,6324.570953
6613,6732.964931,6262.144904
6109,6758.419524,6457.599259
6103,6746.863841,6219.640016
6104,6747.322363,6272.556211
6080,6754.095536,6065.614497
6073,6699.764728,6041.35152
6169,6723.78664,6215.715752
6347,6751.589413,6042.389784
6570,6751.166567,6329.544431
6534,6721.213297,6693.124644
6226,6770.973563,6756.857207
6707,6759.016624,6464.500709
6970,6727.216723,6788.900302
6994,6722.07878,6766.743328
6336,6781.675599,6842.040185
6040,6754.447146,6287.669548
6243,6752.83719,6013.25643
6827,6743.274943,6121.645587
6566,6770.741266,6809.053519
6433,6709.162135,6703.000927
6442,6721.368117,6644.404507
6597,6759.698384,6418.104128
6616,6765.633803,6403.638273
6612,6765.198916,6337.588765
6259,6772.251385,6454.620174
6187,6762.541234,6323.662351
6283,6715.021526,6214.04845
6396,6734.589653,6379.287772
6421,6751.952347,6428.309682
6458,6716.224263,6412.109001
6546,6714.336111,6417.725953
6337,6714.255094,6508.532062
5694,6753.000088,6450.918725
6984,6717.737733,6005.631028
6618,6731.733658,7233.205336
6116,6732.21651,6823.805536
6366,6726.997426,6303.755281
5751,6727.015516,6261.599694
5817,6548.964999,5449.532179
5969,6596.730078,5766.730784
6124,6731.155482,6102.081946
6174,6750.175919,6307.278229
6207,6759.389715,6440.570799
6221,6718.088277,6304.121506
6631,6763.809519,6321.783183
6710,6764.132619,6696.42627
6396,6759.567696,6556.032602
6276,6730.272677,5957.374759
6219,6750.193505,6157.653312
6647,6718.350498,6310.073079
6634,6750.075477,6736.70705
6539,6722.494824,6712.113925
6553,6771.320324,6673.327048
6572,6715.561282,6801.084714
7153,6753.679834,7146.601726
7029,7026.653231,7951.283303
8144,7108.368228,7961.558593
8446,7597.335681,8368.247603
7584,7679.06294,8472.751111
8125,6904.844254,7617.133157
7683,6864.850344,7602.212689
7477,6728.513504,7127.926688
7313,6784.673543,7362.888298
7114,6787.095287,7123.294774
7199,6782.559656,6962.023133
7138,6785.827265,6963.844171
6543,6786.937293,7111.069821
6969,6707.891457,6746.182554
6870,6721.482789,7057.887878
6391,6775.973761,6786.00147
6820,6721.765151,6035.889893
5987,6744.739633,6264.399415
5796,6576.879601,5546.763556
6144,6531.49512,5563.731123
6236,6707.492679,6217.01859
6172,6741.361233,6512.678953
6261,6678.844669,6149.564594
6159,6751.990658,6285.612915
6284,6708.940938,6920.914151
6424,6771.731701,7430.931404
6909,6766.663507,7537.911962
7329,6735.747072,7349.855496
7394,6781.835691,7499.528734
7661,6808.279199,7680.138023
7948,6780.571563,7389.686975
7527,6828.668703,7523.751162
7704,6792.290626,7495.734477
7747,6748.886666,7492.244929
7637,6746.39668,7466.075429
7643,6778.199405,7325.273648
7324,6778.530387,7483.315238
7352,6810.809057,7227.780597
7202,6790.942834,7052.333649
6964,6713.653705,6683.751653
6653,6712.263806,6487.687516
6474,6686.977257,6096.35457
6065,6722.070396,5915.213853
5907,6735.461619,5893.558417
5892,6700.93015,6092.467194
6203,6718.628504,6221.730463
6602,6713.036856,6158.872495
6567,6714.04188,6689.319101
6637,6740.826834,7150.499775
6823,6792.989749,7725.935132
7482,6964.395304,7894.871793
8019,7036.914463,7849.03593
8124,7315.666667,8080.838744
8326,7414.883284,8195.582173
8417,7200.292578,7947.954503
8006,7125.286092,7855.684273
7978,7029.758835,7776.515509
7816,6885.198106,7611.863294
7703,6747.073535,7488.6204
7604,6751.721237,7408.357074
7472,6751.18514,7397.249377
7497,6753.493411,7379.344609
7365,6744.873949,7321.586395
7222,6775.911624,6960.998374
6962,6778.985383,6819.378274
6729,6750.420658,6486.488366
6384,6712.905316,6313.509298
6085,6731.387861,6251.623069
6208,6737.654133,6262.870238
6108,6764.910129,6479.906909
6047,6700.944009,5943.029724
5819,6744.219418,5928.677711
6167,6730.811292,6209.879748
6876,6799.181606,7181.633739
7535,6778.522434,7881.84652
7957,7012.786933,7874.625439
8076,7204.943489,8070.894207
8211,7434.921501,8201.766441
8291,7122.990617,7821.045633
7975,7103.00383,7714.929673
8031,7021.724344,7743.128313
7949,6966.19541,7691.254009
7857,6958.157569,7646.326955
7779,6788.37918,7562.730476
7642,6742.381513,7561.338871
7637,6789.998847,7536.016146
7577,6729.60267,7420.865494
7405,6744.162678,7059.910385
7138,6781.671403,6947.193074
6928,6769.147875,6629.30952
6633,6776.180132,6426.275811
6292,6749.893868,6399.128733
6391,6751.487313,6392.420187
6456,6723.648468,6528.278384
6395,6703.636967,6262.449198
6152,6702.856732,6209.725839
6477,6726.81895,6506.301816
7034,6768.560074,7551.117463
7659,6893.788971,8130.73634
8113,7136.999443,7968.550537
8161,7330.939612,8068.039983
8241,7328.507256,8125.609541
8219,7128.592338,7854.361125
7807,6880.466657,7663.634462
7824,6741.106413,7565.840363
7606,6739.718529,7570.578798
7447,6726.90182,7286.621908
7191,6723.062268,7078.638028
6959,6746.730935,7030.094993
7011,6739.845302,6931.870789
6970,6731.033905,6891.014775
6928,6716.215115,6724.861524
6853,6727.219719,6558.475734
6710,6720.709876,6319.8024
6474,6722.328187,6237.233305
6270,6741.077053,6232.22812
6066,6744.028269,6227.118072
6142,6735.857629,6115.576061
6145,6703.041433,6066.461964
5954,6686.417657,5993.738865
5960,6746.261566,6064.523457
5992,6739.191841,6036.340705
5868,6709.406641,6077.853508
5949,6706.525899,6131.258336
6085,6750.774646,6202.948974
6619,6711.241007,6344.026036
6567,6770.92266,6874.432309
6505,6760.988267,6600.703354
6492,6755.246157,6366.547141
6443,6729.120967,6296.372969
6363,6764.044078,6357.028444
6377,6716.979038,6257.00415
6341,6708.884781,6362.560256
5730,6744.802043,6349.125791
5878,6716.12557,5767.422822
5856,6730.390933,5989.517973
6001,6686.673286,5924.588416
6046,6724.078187,6072.086066
6094,6762.036936,6160.980247
6403,6757.522958,6156.565656
6204,6719.125431,6250.228736
6392,6754.637569,6140.858581
6439,6706.428432,6232.508479
6379,6726.901816,6276.172485
6346,6703.212146,6433.046079
6165,6698.80945,6398.741992
5997,6695.192274,6296.870272
6047,6745.368711,6302.807857
6206,6751.962344,6316.744529
6255,6746.251479,6437.439946
6264,6747.126356,6470.376934
6365,6734.695085,6218.749789
6249,6718.125442,6201.0763
6054,6723.276436,6153.587296
5935,6724.907218,6154.573751
5953,6746.327794,6194.072543
6048,6742.525199,6224.525728
6399,6754.022034,6123.990212
6472,6766.239774,6538.551688
6674,6726.81943,6611.703218
6639,6763.154519,6564.414338
6057,6749.969337,6113.851493
5832,6734.276626,5825.287626
5920,6727.418685,5990.47348
5901,6735.784544,6104.147352
6057,6738.976823,6171.830139
6122,6731.242119,6119.784242
6058,6771.50639,6325.132569
6361,6764.208656,6177.716743
6791,6756.561817,6413.462405
7157,6733.737614,7030.071282
7597,6753.279236,7315.087402
7779,6907.740029,7741.093578
7894,7041.78857,8059.808201
8131,6986.857622,7905.27861
7867,6827.32693,7913.051842
7747,6771.863897,7635.918826
7594,6764.008766,7483.23856
7647,6782.339224,7395.213122
7538,6731.98525,7385.787371
7502,6733.953183,7317.697257
7290,6767.140729,7380.555571
6553,6741.676621,7203.111986
6462,6775.950995,6302.84402
6420,6764.209653,6283.570201
6273,6747.144681,6096.913215
5959,6727.596267,6043.573046
6012,6735.996347,6065.876654
6237,6737.309156,6209.69351
6448,6735.258639,6413.645396
6508,6722.994363,6425.950758
6371,6717.312312,6440.777346
6337,6778.009722,6903.25933
6545,6829.180374,7223.953631
7080,6765.008645,7506.544994
7326,6779.715103,7535.855744
7241,6740.890583,7556.457995
7279,6819.712627,7538.807232
7416,6798.243119,7232.527874
7019,6794.149286,7127.169992
7039,6720.037077,7021.543598
6877,6777.186723,6984.774963
6754,6706.25196,6797.012002
6779,6703.951784,6541.926478
6670,6727.040907,6549.779341
6793,6712.168921,6515.612912
6707,6695.696588,6803.762052
6625,6813.342588,6556.354685
6525,6754.842864,6245.672601
6317,6708.231522,6073.149889
5887,6713.90398,6034.373875
5539,6716.406767,5923.775627
5549,6587.575222,5737.867669
6031,6561.641334,5633.740299
5789,6742.534713,5951.433306
5668,6723.977035,5864.671815
5880,6717.823513,6195.844016
6447,6762.524395,6640.959136
7075,6794.21239,7304.521702
7355,6755.66853,7563.789464
7334,6753.500836,7591.341451
7413,6804.827952,7544.91489
7525,6759.812831,7213.104948
7083,6733.771346,7164.121342
7064,6746.829699,7054.733849
6957,6795.09554,6950.742738
6790,6797.18363,6770.98484
6712,6700.790178,6524.37291
6545,6715.429798,6590.923416
6555,6764.89229,6545.608481
6434,6716.252076,6556.621521
6470,6702.576261,6317.58754
6449,6646.72454,6213.587656
6246,6690.688264,6180.553732
5942,6702.728512,6135.696552
5738,6741.786162,6027.220838
5836,6719.183622,5804.272901
5906,6715.785855,5971.136902
6417,6687.598656,5671.313847
6362,6687.879715,6279.389238
6390,6795.873616,6874.535988
6402,6784.460554,7218.611408
6993,6824.253991,7358.967902
7375,6750.833417,7345.562278
7352,6777.121766,7559.429308
7478,6763.064817,7643.520188
7663,6791.897275,7328.483562
7211,6749.619843,7303.536629
7488,6761.080659,7086.46901
7313,6789.720962,7292.516214
7212,6712.334716,7013.226779
7104,6771.674797,6707.025784
7024,6729.26128,6746.555881
6689,6783.63486,6831.811869
6608,6786.158444,6596.927092
6566,6761.571831,6299.492251
6506,6731.049161,6175.502505
6335,6695.547351,6200.657885
6137,6723.384666,6106.142297
6048,6731.252933,6060.408049
6408,6712.53312,6046.812249
6504,6713.816923,6329.681864
6610,6749.051828,6168.77966
6523,6703.853743,6486.003704
6826,6786.094973,6826.712149
6548,6803.62151,7493.049636
6904,6815.530662,7471.415407
7155,6764.499316,7372.482327
7045,6753.154161,7363.084829
7050,6748.001808,7161.477948
7129,6741.467446,6790.37612
6723,6725.474319,6786.139404
6646,6762.60598,6760.326599
6526,6707.626279,6506.404088
6320,6702.148029,6332.987937
6100,6703.992916,6096.587575
6132,6705.391628,6034.645703
6272,6707.153749,6105.959029
6308,6758.640371,6256.451342
6150,6703.834737,6304.908701
6343,6709.753489,5913.074946
6425,6697.746102,5815.235324
6106,6750.194051,6049.135114
6922,6685.496068,5982.426209
6322,6756.633502,6839.753016
5972,6744.870513,6318.287522
5764,6747.859113,5868.194521
6012,6351.297441,5626.704627
6097,6740.337734,6032.72937
6105,6722.584079,5907.34757
6678,6690.272769,6112.832226
6730,6726.18174,6807.149694
6983,6730.098388,6976.565097
6991,6738.701352,7308.940057
6407,6786.813659,6972.090735
6564,6711.829546,6379.717481
6392,6770.154838,6688.877019
7061,6764.447735,6530.445821
7101,6740.325909,7074.832752
6803,6731.528181,6973.646059
6680,6790.495074,6781.31007
6453,6766.460374,6473.900176
6637,6702.907691,6095.366319
6596,6709.239663,6253.925729
6327,6754.819426,6256.87808
6048,6721.175968,6143.26897
6189,6753.905747,5997.471434
6246,6722.03279,6245.524668
5920,6731.91171,6223.640683
5771,6657.636224,5935.881107
5800,6519.545224,5689.731323
5823,6491.105082,5780.515033
6211,6739.823468,6016.619562
6223,6701.182419,6358.677819
5711,6724.081609,6305.374676
6665,6692.42439,5858.008551
6617,6728.301995,6840.239387
5888,6717.41913,6777.018588
6239,6751.095892,5939.011787
6035,6741.45317,6241.369851
5976,6702.213978,5907.145858
5820,6729.779017,5916.89794
6033,6696.188175,5937.529757
5977,6737.411144,6027.514564
6104,6739.081965,5884.738976
5841,6726.939252,5875.910694
5951,6696.127065,5723.495624
6406,6747.772588,5842.187149
6611,6748.369433,6283.442819
6270,6744.95694,6325.362085
6341,6720.393889,6197.385558
6164,6720.982403,6436.747666
6192,6739.236867,6145.264468
5732,6733.737635,6301.118727
5646,6696.270293,5803.786928
6075,6705.045216,5813.547023
6773,6723.277515,6643.599266
7654,6818.905788,7680.409919
8428,7485.186254,8711.773832
7968,7952.841873,8861.931248
8075,7225.956244,8138.844746
8199,7312.703125,8090.501714
8265,6951.832725,7713.484462
7777,6952.856879,7708.392272
7792,6791.999232,7567.378072
7770,6786.070148,7562.377826
7463,6740.157417,7533.154323
7172,6790.761376,7150.212198
7146,6792.680264,6976.387597
6499,6788.795811,6870.190469
6590,6690.339448,6135.168785
7249,6693.512568,6256.776257
7238,6796.895677,6963.821392
6688,6717.754015,6678.808078
6261,6716.914432,6383.063274
6188,6744.8571,6291.072781
5939,6699.940993,6144.767303
6102,6719.480845,5929.127833
6331,6724.85274,6075.023669
6220,6703.917127,6391.32742
6515,6784.862259,6781.527622
7391,6730.470769,7190.17959
8140,6998.549092,8158.899335
8236,7634.91973,8513.418727
7649,7455.433396,8335.41401
8222,6929.837107,7702.706136
7965,7003.167985,7736.813486
7937,6761.518383,7424.067879
7873,6902.02096,7769.557691
7664,6824.787086,7717.303933
7801,6745.353883,7532.834831
7723,6804.623144,7581.765729
7661,6742.581682,7619.498713
6894,6735.921479,7629.461418
6918,6803.626479,6900.062541
6940,6795.621166,6716.518866
7025,6726.305515,6633.948402
6824,6758.100111,6513.255697
6562,6720.492418,6464.951176
6350,6707.021138,6480.486036
6478,6765.903278,6431.160833
6602,6697.855735,6578.954799
6081,6756.930025,6499.780268
6480,6715.529082,6096.666947
6718,6788.964555,6980.206723
7714,6852.610461,7560.498313
7855,7277.487154,8608.000632
7428,7380.087005,8166.266795
7578,6741.888941,7521.658745
7931,6778.458665,7579.54296
7924,6774.595035,7554.110883
7579,6799.400735,7468.176963
7486,6754.159117,7564.848659
7072,6795.162919,7407.22873
7181,6735.967438,6996.680752
6952,6788.701876,7024.320142
7170,6797.594299,6926.947601
6841,6798.952521,7185.139831
6746,6708.94902,6839.355024
6556,6695.838542,6639.947865
6579,6724.636019,6200.096788
5948,6738.246826,6015.622953
6216,6632.82195,5733.312709
6181,6723.756249,6174.647164
6151,6706.429456,6300.061431
6121,6723.388569,6284.05621
6368,6726.297552,5902.167787
6027,6674.581815,6335.234676
6704,6756.566437,6474.460686
6530,6779.172243,7765.15809
8390,6753.482098,7713.652671
8004,7794.151766,8750.180617
7749,7422.193892,8355.601369
8020,7052.999541,7904.410558
7847,6875.561274,7719.245411
7809,6776.914299,7418.111988
7770,6782.259977,7618.017304
7435,6743.150331,7591.190513
7473,6786.201589,7350.743028
6897,6796.626733,7300.149043
6634,6789.570403,6717.851162
6477,6760.65905,6315.776105
6316,6719.967082,6086.579899
6547,6689.026563,5975.191589
6335,6697.409175,6216.811904
6252,6691.9883,5858.952728
5691,6550.145359,5808.633955
6193,6518.876518,5579.456504
5869,6733.868566,6394.580232
5827,6700.398653,6055.731303
6254,6739.433819,5582.300366
5892,6718.366274,6227.428895
6437,6746.290939,6143.70873
6755,6757.258028,7222.169275
7867,6742.054886,7624.037853
7829,7279.101022,8280.38022
7914,7012.183818,8116.262679
7940,7189.96047,8116.979723
7555,6745.150588,7627.716195
7478,6774.576794,7100.267317
7397,6789.402764,7336.203051
7155,6788.050401,7277.784956
6728,6776.346367,6897.111709
6540,6750.164535,6370.718883
6575,6716.432965,6364.509332
6570,6695.137692,6118.756202
6187,6732.415596,6185.203745
7027,6782.933415,5891.297931
6844,6719.707248,6723.601213
6143,6675.011472,6153.46696
6261,6623.019068,5557.607784
6733,6703.454166,6188.647769
6035,6753.827678,6684.311447
5919,6690.471044,6092.785857
6197,6755.96385,5674.376277
5764,6616.767103,5702.923215
6018,6679.24099,5911.438385
5890,6740.350403,6039.994247
5747,6706.819988,5868.484723
6790,6707.359869,5770.86885
6423,6730.91107,6970.109969
6220,6718.318998,6843.706052
6391,6714.914275,6391.027788
6628,6738.494004,6252.777974
6386,6756.717868,6612.532301
6161,6755.882594,6456.288719
6109,6755.867743,6260.705495
6192,6731.780116,6096.555936
6443,6717.854197,6031.6451
6296,6742.511302,6109.942564
5975,6700.546085,6104.723681
5985,6659.820257,5787.256011
6144,6697.658142,5868.077086
5588,6715.778818,6043.487802
6044,6355.117776,5615.52868
5789,6670.179495,6020.150903
6081,6507.031709,5819.598036
5741,6736.172215,6203.878092
6897,6419.300377,5686.985139
5531,6735.160014,6622.903671
5567,6380.631367,5506.057394
5512,6725.875856,5698.052424
5521,6749.896994,5844.505524
6624,6740.576952,5685.412476
6205,6728.616989,6917.945946
6502,6776.699328,6554.76926
5947,6767.510131,6830.311438
6245,6751.04042,5904.89
6028,6733.035835,6055.067725
6004,6753.866199,6013.110534
5984,6743.372252,5999.864345
6031,6753.961734,6036.102726
5889,6719.091721,5975.570144
6382,6715.572097,5593.436248
6226,6706.82775,6111.44138
5858,6757.048208,6032.967004
6542,6704.610568,5727.09335
6022,6729.668689,6332.295485
5690,6531.262944,5820.238264
5725,6421.907988,5596.72885
5550,6574.131569,5750.671335
5765,6466.57779,5674.809267
5578,6733.834531,5798.632013
6183,6744.65939,5759.980825
6773,6718.41558,6715.351402
6609,6741.903068,7655.670709
7101,6745.416059,7794.636841
7369,6779.956074,7675.493467
7554,6786.296033,7623.218433
7588,6853.211184,7747.807823
7537,6734.627975,7240.800862
7434,6778.704294,7111.249462
7385,6795.519558,7462.562187
7463,6735.508364,7301.246819
7366,6722.568817,7264.06388
7078,6793.291781,7196.74376
6935,6744.845579,6979.096081
6941,6793.586288,6811.784795
6674,6790.445579,6707.40974
6605,6789.816658,6533.964157